StateAbbr,PlaceName,PlaceFIPS,Population2010,ACCESS2_CrudePrev,ARTHRITIS_CrudePrev,BINGE_CrudePrev,BPHIGH_CrudePrev,BPMED_CrudePrev,CANCER_CrudePrev,CASTHMA_CrudePrev,CHD_CrudePrev,CHECKUP_CrudePrev,CHOLSCREEN_CrudePrev,COLON_SCREEN_CrudePrev,COPD_CrudePrev,COREM_CrudePrev,COREW_CrudePrev,CSMOKING_CrudePrev,DENTAL_CrudePrev,DIABETES_CrudePrev,HIGHCHOL_CrudePrev,KIDNEY_CrudePrev,LPA_CrudePrev,MAMMOUSE_CrudePrev,MHLTH_CrudePrev,OBESITY_CrudePrev,PAPTEST_CrudePrev,PHLTH_CrudePrev,SLEEP_CrudePrev,STROKE_CrudePrev,TEETHLOST_CrudePrev,Geolocation
CA,Folsom,624638,72203,7.5,16.9,21.8,25.7,64.8,5.8,8.6,4.1,64.7,78.1,76.6,4.1,37.1,33.3,12.2,74.7,6.7,29.1,2.1,14.3,80.4,9.9,23.8,84.3,8.9,33.9,1.9,6.8,"(38.67504943280, -121.147605753)"
FL,Largo,1239425,77648,19.6,30.6,16.9,36.1,81,9,7.9,9.8,77.5,80.2,64.6,10,33.7,33.2,20.7,58.6,12.1,39,3.7,31,75.7,13.1,28.3,77.1,15.4,37.7,4.5,18.3,"(27.90909077340, -82.7714203383)"
CA,Berkeley,606000,112580,7.7,15.1,19.6,20.9,68.2,4.9,8.8,3.7,64.7,70,75.4,3.7,38.2,36.6,11.2,70,6.5,27.1,2.1,14.2,81.5,10.9,18.5,83.2,8.2,32.2,1.9,6.7,"(37.87256787650, -122.274907975)"
CA,Napa,650258,76915,12.3,20.7,19.2,28.1,70.2,6.5,8.9,5.8,63.8,75.4,69.3,5.9,37.9,30.3,14.5,70.2,8.9,34.1,2.8,19.8,76.7,12,24,83.9,12,32.7,2.8,11.2,"(38.29804246490, -122.301093331)"
FL,Sunrise,1269700,84439,22.8,22.8,16.3,33.3,76.7,6.5,8,6.7,77.7,78.7,59.7,7,30.5,26.2,16.5,61,12.1,37.1,3.2,29.5,82.5,12.7,28.1,81.3,13.3,38.1,3.7,16.2,"(26.15468783030, -80.2998411020)"
FL,Pembroke Pines,1255775,154750,21.4,20.8,17.1,30.3,76.3,6.3,7.1,6.1,77.4,80.6,61.9,5.7,31.6,27.1,13.1,66.6,11.1,36.1,3,26.4,82.7,10.9,25.7,82.2,11.6,35.8,3.1,14.1,"(26.01273875340, -80.3384522664)"
NJ,Trenton,3474000,84913,25.4,23.9,14.4,35.4,74.4,4.6,10.8,6.7,76.7,68.4,53.9,8.5,23,20.9,23.8,52.8,13.7,36,3.5,42.2,79.7,17,38.9,84.9,17.8,45.7,4.4,26.1,"(40.22372899810, -74.7639943311)"
CO,Pueblo,862000,106595,19.9,28.3,14.3,31.6,73.3,6.6,9.7,7.2,62.4,70.9,52.4,6.9,24.3,30.9,19.1,57.5,11,37.6,3.6,24.2,72.9,13.5,30,81.3,16.1,34.2,3.8,17.7,"(38.27339572510, -104.612001218)"
WI,Racine,5566000,78860,16.6,25.1,21.7,32.8,73.6,5.9,10.1,6.5,70.6,71.7,62.7,6.8,31.1,25.4,21.4,62.6,11,35.4,3.1,25.4,77.7,14,37.4,82.6,14.1,39.8,3.5,16.9,"(42.72745994940, -87.8134530240)"
WA,Auburn,5303180,70180,12.2,23.3,17.6,27.8,66.2,5.9,10.1,5.7,60.2,69.7,63.4,6.4,38.2,33,16.2,64.5,9.1,35.6,2.9,18.3,76.1,13.1,27.7,NA,12.4,32.7,3,13.6,"(47.30385443250, -122.210810557)"
TX,Austin,4805000,790390,20.6,14.5,20.9,22.5,69.7,4.3,8.3,3.9,63.8,69.5,64.1,4,35.9,28.6,14.9,65,7.9,30.3,2.2,20.4,79.4,11.4,25.4,83.4,9.4,29.7,2,10.1,"(30.30686103420, -97.7554771245)"
IL,Waukegan,1779293,89078,23.3,20.6,16.3,31.5,71.6,4.5,10,5.9,66,66.6,50.3,6.4,26.4,25.4,21.1,50.9,11.5,36.1,3.1,33.6,77.5,13.8,35.4,82.7,14.7,38.1,3.2,20.8,"(42.37029555820, -87.8712595095)"
MN,Brooklyn Park,2707966,75781,9.9,17.7,22.1,25.3,73.3,5,8.3,4.3,69.1,72.8,66.9,4,36.7,38,17.5,70.2,7.4,30.8,2.4,18.4,80.5,10.2,25.3,82.3,9,32.3,2.4,10.3,"(45.11120339160, -93.3505067942)"
WA,Renton,5357745,90927,11,20.2,17,26,65.7,5.5,9.1,4.7,61,71.5,65.3,4.7,39.9,35.1,13.1,68.2,8.4,33.5,2.6,16.2,77.3,11,24.4,NA,10.1,32.2,2.4,9.7,"(47.47605467520, -122.191153327)"
OK,Oklahoma City,4055000,579999,18.7,24.5,12.8,32.6,74.8,5.7,10.2,6.6,67.7,70.6,59.4,7.2,36.7,36.4,19,59.1,10.7,36.2,3,29.5,79,14.5,32.7,83.5,14,34.3,3.4,17.7,"(35.46756428800, -97.5137615524)"
GA,Augusta,1304204,195844,21.2,26.6,14.3,39.4,77.6,5.5,10.2,6.6,76.4,73.5,60.3,8,34.4,28,22.5,59.8,12.9,36.1,3.4,33.2,81.7,14.5,35.6,83.9,14.4,42.5,4.2,22.6,"(33.36445615270, -82.0708396775)"
MA,Springfield,2567000,153060,15.9,27.5,16.3,31.7,75.8,5.5,12.7,7.4,78.5,71.3,59.6,8.2,27,25.2,23.5,58.7,13.3,36,3.5,34.5,83.3,17.1,36.2,84.3,16.5,38.9,4,26,"(42.11549779990, -72.5395254143)"
CA,Bakersfield,603526,347483,16.4,19.1,18.8,25.4,67.2,5,9.5,5.4,61.7,70.7,62,6.1,32.5,27.7,17.2,60.9,9.9,31.5,2.9,24,80.2,14,29.3,83,13.1,37.2,2.9,15.2,"(35.35133028550, -119.029786003)"
LA,Lake Charles,2241155,71993,17,27.5,16.8,41.5,81.9,6.2,9.7,7.7,75.5,72.8,59.3,8.4,25.6,27.9,23.2,53.8,14,39.2,3.6,31.7,79.8,14.4,39.1,83.6,14.8,41.3,4.6,21.6,"(30.20306799660, -93.2148796496)"
IL,Schaumburg,1768003,74227,8.5,19.9,23.5,26.5,73.3,6.2,8.2,4.6,69.2,79.9,64.7,4.6,39.6,31.8,13.7,71.2,7.3,33.9,2.3,18.7,76.5,9.4,23.7,84.1,9,31.7,2.1,8.7,"(42.03054887550, -88.0838663543)"
TN,Clarksville,4715160,132929,15.5,23.6,16.6,31.3,73,4.6,10.5,5,70.3,72.7,62.4,6.9,36,31.4,22.9,59.9,9.3,32.4,2.4,26.2,78.5,15.1,36.5,83.1,13.3,41.7,2.6,17.3,"(36.56968315900, -87.3432371614)"
FL,Miami,1245000,399457,36.2,19.7,14.8,32.5,78.4,5.3,7.4,7.6,75.3,72.6,47.4,7.1,20.5,18.2,16.6,53.3,14.6,38.3,4.1,42.2,83,13.1,29.5,82,15.5,34.8,4.2,19.4,"(25.78229589700, -80.2215647762)"
WI,Green Bay,5531000,104057,13.6,24.1,25.5,29.9,72.2,6,9.5,6.3,69.3,72,65.3,6.6,29.2,26.5,20.6,67.4,9.6,34.8,2.8,23.5,78.5,13.3,34,83.7,12.7,35.9,3.1,16.3,"(44.51498478160, -87.9896195955)"
SD,Sioux Falls,4659020,153888,11.3,21.8,20,25.9,74.9,6.2,7.9,5.6,68.8,70.9,66.2,5.3,44.4,42.2,19,71.5,7.7,30.4,2.4,18.6,82.2,10.4,31.5,82.9,9.9,27.2,2.6,12.7,"(43.53880675370, -96.7313495858)"
CO,Greeley,832155,92889,17.4,20,18.7,24.4,68,5.3,9.3,5.1,56.7,66.6,58.4,5.2,35.8,31.2,18.2,56.7,7.4,34.3,2.6,19,70.7,12.9,26.2,79,11.6,29.1,2.7,14,"(40.41413695210, -104.771170982)"
CA,Visalia,682954,124442,15.1,20,18.3,27.9,68.8,5.5,9.2,5.8,64.3,71.7,64.3,6.3,36.5,28.4,16.1,60.9,10.4,34,3,23.1,77.8,13.1,33.4,85,13.1,32.8,3,14.5,"(36.32706231570, -119.325273214)"
TX,Arlington,4804000,365438,22.1,19.9,17.1,28.7,72.7,5.1,9.4,5.1,68.3,70.4,61,5.6,40.1,32.7,18.7,57.4,10.6,34.7,2.6,28.1,78.3,12.5,31.9,80.1,11.8,36.9,2.6,13.4,"(32.69983686200, -97.1250896120)"
IA,Davenport,1919000,99685,8.9,24.7,21.5,29.2,77.1,6.4,8.6,6.2,70.7,71.4,63.9,6,41,33.7,19.7,67.9,10,36.7,2.7,24.2,79.8,11.9,32.6,83.5,11,30.3,3.1,14.8,"(41.55579268760, -90.6051730163)"
TX,Round Rock,4863500,99887,18.1,17.2,21.8,26.2,68.4,4.6,8.5,3.8,67.3,73.7,64.4,4.2,34.3,33.5,16.1,66.3,7.8,31.8,2.1,21.5,77.1,11,33.2,84.6,9.7,34.3,1.9,9.7,"(30.52395782350, -97.6669801882)"
CA,Sunnyvale,677000,140081,7.8,14,15.1,21.1,67.3,5.2,7,3.7,64.6,78.6,73.4,3.2,39,37,9,74.9,7.3,28.6,2,16.6,80.3,8.2,17.3,82.2,7.6,31.1,1.7,6.2,"(37.38344165660, -122.025624324)"
CA,Upland,681344,73732,12,19.8,17.6,29.1,69.7,5.7,9,5.3,66.4,76.6,66.6,5.4,31.6,32.3,13.5,65.6,9.5,35,2.8,19.5,82.1,11.9,25.1,83.6,11.6,36.6,2.7,11.5,"(34.11784457010, -117.660290062)"
NY,Syracuse,3673000,145170,13.8,26.1,18.4,28.8,73.3,5.2,12.8,6.4,72.7,68.4,60.3,8.5,33.5,29.5,23.9,55,12,33.5,3.2,30.4,79.9,15.9,35.8,82.2,14.8,39.7,3.8,23.9,"(43.04092020970, -76.1437679213)"
FL,Tampa,1271000,335709,23.1,22.3,17.9,30.6,73.6,5.6,8.4,6.1,73.6,73.7,58,6.9,30.1,28.3,19.4,55.5,11.9,33.8,3.1,30.2,79.3,13.9,28.5,81.9,13.8,35.6,3.5,19.4,"(27.99619804100, -82.4450349799)"
CA,San Mateo,668252,97207,9.8,18.3,16.6,26.6,71.1,6.2,7.9,4.8,65.1,78.5,70.1,4.4,37.6,36,11.4,73.2,8.5,30.5,2.5,17.1,80.7,9.8,22.8,82.9,9.4,31.5,2.3,8.1,"(37.55182268930, -122.312390346)"
TX,Lewisville,4842508,95290,20.3,17.8,20,25,69.7,4.5,8.5,4,66.3,70.4,61.3,4.6,33.5,30.9,17.8,62.8,8,31.6,2.2,22.4,74.2,11.8,32.1,82.5,10.1,32.1,2.1,12.4,"(33.04519924290, -96.9829273031)"
FL,Pompano Beach,1258050,99845,25.4,25.9,15.6,36.7,77.5,7.4,8.3,8.2,77.4,76.9,59.2,8.7,32.5,27.4,19.5,56.5,13.1,40.3,3.6,32.1,81.6,14.1,29.4,80.6,15.3,38.1,4.5,17.5,"(26.24283356990, -80.1312451610)"
NM,Santa Fe,3570500,67947,10.8,26.6,14.7,27,75.7,6.8,9.3,6.1,64.2,75.7,61.4,5.4,30.7,27.5,13.4,68.7,10,32.8,3.1,16.3,71.1,11,18.8,82.5,12.4,27.1,2.9,10.3,"(35.66627196010, -105.972662995)"
CA,San Ramon,668378,72148,5.2,15,16.5,21.2,67.3,5.2,7.2,3.3,64.5,82.3,74.9,3.1,39.9,40.5,9.1,81.3,6.6,29.9,1.8,13,80,8.2,20.4,83.8,7.1,31.9,1.5,4.9,"(37.76237054620, -121.938150371)"
CA,Stockton,675000,291707,17.5,20.6,15.6,30.6,69.8,4.9,9.5,6.1,62.7,68.2,61.6,6.5,31.4,27,16.3,56.1,11.9,35.1,3.3,27.8,80.9,14.4,30.5,82.8,14.4,37.6,3.4,17.8,"(37.97663226790, -121.311121669)"
MI,Livonia,2649000,96942,7.6,30.6,22.4,32.3,77.7,8.6,9.7,6.9,72.9,83,71.5,7.4,37.7,36.1,17.1,78.3,8.4,38.6,2.8,18.8,79.7,11.3,28,84.3,11.5,35.6,2.9,8.7,"(42.39715927370, -83.3733073683)"
CA,San Diego,666000,1307402,11.3,16.1,20.7,24.1,67.7,5,8,4.4,64,72.7,69.5,4.3,29.6,33.2,12.6,69.1,8.2,30.9,2.4,17.4,81.2,11.6,19.8,85.3,9.8,33.3,2.3,8.9,"(32.83556394180, -117.119792061)"
NV,Las Vegas,3240000,583756,19.3,23.1,16.1,27.4,71.9,5.8,8.7,6.7,68.6,71.4,56.6,7.3,33.2,27.3,19.5,58.1,11.7,35.1,3.1,26.3,73.7,14.7,27.3,79.8,14.4,40.6,3.2,15.5,"(36.22741484380, -115.262670095)"
IN,Carmel,1810342,79191,6,22.8,18.5,28.9,75,6.5,8.7,4.8,69.3,82.4,71.3,4.3,45.6,35.8,11.9,81.8,7.7,34.8,2.1,15.5,77.3,8.6,24.9,83.3,8,29.8,2,7.2,"(39.96584046130, -86.1461278461)"
NC,Greensboro,3728000,269666,17.6,22.7,16,33.2,74.7,5.5,9.1,5.6,74.1,75.4,69,6.1,40.6,37.7,19.6,58,10.5,35,2.9,22.9,81.6,13.2,35.5,85.8,11.4,35.6,3.4,16,"(36.09604804150, -79.8276833061)"
FL,Miramar,1245975,122041,23,16.8,17.8,28.6,72,4.4,7.8,4.2,77.2,77.7,60.3,4.7,29.4,27.4,14.9,63.5,10.3,31.9,2.5,26.1,84.6,11.9,29,83.3,10.9,39.9,2.5,12.6,"(25.97732882330, -80.3357316003)"
OR,Eugene,4123850,156185,10.6,23.3,18.8,24,70.3,6.3,10.3,5.6,62,66.8,64.4,6.2,30.4,32.4,16.9,70.7,7.8,34.1,2.7,16.3,77.7,13.5,25.6,82.1,11.5,29.9,2.8,12.5,"(44.05593633460, -123.117327584)"
OR,Hillsboro,4134100,91611,12.6,19.4,20.3,22.6,66.1,5.1,9.7,4.3,60.5,69.9,65.1,4.8,33,31.9,16,67.2,6.8,31.6,2.2,15.1,75.4,12.3,29.2,81.9,10.2,32.1,2.2,12.2,"(45.52902799400, -122.937442209)"
CA,Modesto,648354,201165,14.3,21.8,17.3,30.8,69,6,9.5,6.3,64.5,71.5,65.1,6.7,33,29.6,16,61,10.8,35.3,3.1,25,78.6,13.8,31.3,84.8,13.6,36.1,3.2,15.2,"(37.66154782210, -120.988548061)"
CA,Concord,616000,122067,11.6,19.6,16.5,26.2,69.1,5.9,8.6,5.1,63.3,75.1,70.2,5.2,36.1,35.2,14.1,70.7,9,33.5,2.6,19.6,78.4,11.7,27.3,83.3,11.2,33.3,2.5,10,"(37.97218103070, -122.001588036)"
AZ,Tucson,477000,520116,18,23.8,15.6,26.8,71.4,5.7,10.8,6.2,65.8,68.4,60.8,6.7,35,29.6,18.8,59.6,10,36.6,3.3,25.5,79,14.1,29,NA,14.4,34.2,3.2,13.4,"(32.15672444830, -110.877085494)"
CA,Norwalk,652526,105549,18.9,16.7,16.8,26,67.3,4.5,7.9,4.8,64.6,72.1,59.2,4.8,25,31,13,58.7,10.6,33,2.8,23.1,78.5,12.3,25.8,84.2,12.5,36.9,2.6,11.1,"(33.90688082280, -118.082915204)"
MI,Kalamazoo,2642160,74262,13.3,24.7,20.6,26.4,71.2,5,11.9,5.4,68.8,63.4,66.1,7.5,31.3,31.6,20.5,61.2,9,31.8,2.8,23.1,80.9,16,37.4,84.4,13.4,38.3,3,16.8,"(42.27487564740, -85.5881885760)"
IL,Rockford,1765000,152871,15.5,28.7,16.6,34.9,77.6,6.7,10.4,7.4,68.3,72.5,58.2,8.2,32.1,26.7,22.8,56.3,11.9,39,3.4,30.3,72.4,13.8,36.3,82.5,15.2,38.8,4,18.6,"(42.26331800150, -89.0625958362)"
SC,Rock Hill,4561405,66154,17.2,25.7,18.1,34.2,74.4,5.6,9.9,5.7,67.7,73.2,64.2,6.8,42.6,30.3,20.7,57.3,10.9,33.5,2.9,30.1,79.4,15,34.1,83.5,13.4,40.8,3.3,16.7,"(34.94036114960, -81.0249178286)"
IA,Sioux City,1973335,82684,11.5,23.8,19.4,29.2,76.6,6.3,8.7,6.5,68.7,68.5,61.2,6.5,40.1,33.1,19.6,64.2,10,38.3,2.9,26.4,76.5,12.6,36.2,81.5,12.2,28.9,3.3,16.1,"(42.49631490390, -96.3913834837)"
IL,Champaign,1712385,81055,11.3,16.4,21.5,22.5,66.9,4.1,9.6,3.7,62.7,62.1,63.5,4.7,35.5,33.3,17,61.2,6.5,30.7,2.1,22,77.9,13,29,80.8,9.6,30.4,1.9,12.3,"(40.11510513610, -88.2729845986)"
AZ,Gilbert,427400,208453,9,19,20.3,22.1,67,5,9.3,3.7,64.8,77.9,67,4.1,39.1,36.6,14.7,73.6,6.3,30.9,2.1,16.3,80.4,10.9,24.5,NA,9.1,34.8,1.8,7.6,"(33.31014939200, -111.746237467)"
KS,Wichita,2079000,382368,18,24.1,14.8,31.8,74.9,6.2,9.7,6.5,64.9,69.6,61,6.6,28.5,31.3,22.3,62.8,10.3,39.3,2.9,26.9,75.2,12.2,31.3,81.9,11.8,35.5,3.2,17.7,"(37.69056147800, -97.3429366807)"
CA,Chino Hills,613214,74799,8.5,15.3,17.6,24.7,67.4,4.5,7.8,3.6,66.2,79.6,66.1,3.6,31.1,34.3,10.6,71.9,8.1,32.3,2.1,16,82.5,9.7,20.2,81.8,8.7,36.9,1.8,7.7,"(33.95077454600, -117.725326968)"
CA,Moreno Valley,649270,193365,18,17.9,18,28.1,65.5,4.1,9.3,4.8,64.1,67.6,63.1,5.3,26.8,28.5,16.5,57.2,10.2,31.9,2.8,25.6,81.5,13.8,31.2,84.3,13.1,41.1,2.7,15.6,"(33.92443141120, -117.204501895)"
CA,San Marcos,668196,83781,12.6,17.2,20.9,24.8,67.3,5.3,8.4,4.7,63.6,72.4,69,5,28.7,32,13.6,68.2,8.2,31.8,2.5,18.4,80.4,12.3,21,85.8,10.8,33.3,2.5,10.8,"(33.13496598600, -117.174363098)"
TX,Garland,4829000,226876,26.1,21.6,16.5,31.7,73.9,5.2,9.1,5.9,68.9,69.6,58,6.2,31.4,28,18.3,57,11.3,38,2.9,29.4,73.3,12.9,32.7,78.9,12.7,34.2,3.1,15.6,"(32.91007998670, -96.6304258603)"
FL,Hialeah,1230000,224669,42.9,21.1,13.3,33.9,79.6,5.6,7,8.6,75.1,72.9,45.3,7.3,19.4,17.4,15.4,50.9,16.5,41.6,4.6,46.8,82,13,30.2,81,17,33.9,4.2,18.5,"(25.86962694800, -80.3045294666)"
TX,Baytown,4806128,71802,27.2,21.3,16.9,31.3,74.2,5.5,9,6.3,67.7,69.3,57.7,6.4,28.6,29.1,17.5,55.4,11.7,38.9,3,29.4,75.4,13.4,32.5,80.9,13.5,35.2,3.1,17.7,"(29.75711530430, -94.9676276217)"
MO,Independence,2935000,116830,16,29,19.1,34.5,78.4,7.3,10.2,7.7,70.8,74,66,9.3,36.7,36.3,24.5,59.5,11.2,42.8,3.1,25.2,76.4,14.8,31.2,78.3,15.4,36.3,3.8,18.3,"(39.08707947710, -94.3502748237)"
AL,Montgomery,151000,205764,17.9,29.4,15.1,40.3,78.9,5.9,10.4,6.8,76.5,75.9,64.9,8.2,33.6,31,21,60.6,13.7,37.4,3.3,29.8,82.4,14.5,36.4,85.5,14.5,38,4.2,18.1,"(32.34726453330, -86.2677059552)"
WA,Kennewick,5335275,73917,14.5,25.8,17.8,29.4,68,6.1,10.6,6.2,59.7,67.6,63.2,7.1,29.8,29.7,18.3,63.2,10.1,39.7,3,20.2,74.3,13.6,34.6,NA,13.6,33.7,3.1,16,"(46.19843842800, -119.173245847)"
CA,Thousand Oaks,678582,126683,7.3,20.3,18.3,27.4,73,7.1,8.1,5.2,66.9,81.8,75.3,4.9,38.3,38.2,11,75.7,8.1,33.3,2.5,16,80.6,9.8,21.9,86,9.7,31.8,2.4,7.4,"(34.19177456550, -118.874888411)"
AZ,Chandler,412000,236123,11,20.3,18.6,24,68.9,5.3,9.4,4.2,65.4,76.9,65.4,4.6,37.6,34.5,14.8,70.7,7.3,32.5,2.4,18.4,80,11.2,25.3,NA,10,35.2,2.1,9.4,"(33.28318981000, -111.852210033)"
CO,Centennial,812815,100377,7,22.5,18.9,25.7,71.4,6.6,8,4.4,61.3,81.7,68.1,4.1,42.7,40.7,12.7,77.7,5.8,31.9,2.2,12.4,74.7,8.9,19.9,83.2,8.1,26.7,2.1,6.8,"(39.59287207300, -104.867986891)"
FL,Davie,1216475,91992,20,19.4,19,27,73,5.8,7.3,5.3,74.7,78,61.5,5.8,34.4,30.3,15.3,66.2,9.2,35.2,2.5,24.8,82.3,12.1,24.7,80.9,11.4,35.3,2.6,12,"(26.07893407780, -80.2869750311)"
WA,Seattle,5363000,608660,8.1,18.6,18.8,23.4,64.8,5.5,8.9,4.2,60.5,72.6,69,4,41.9,36.5,10.8,73.2,7.1,31.3,2.3,13,78.9,10,22.7,NA,8.6,29.4,2.1,7.5,"(47.62215433800, -122.323532482)"
MN,Plymouth,2751730,70576,5.6,18.4,24,23.6,75.7,6.4,7.4,4.3,70,80.3,73.1,3.4,42.5,43.6,12.3,80.6,6.1,31.3,2.2,13,81.5,7.9,21.4,84.9,7.2,26.8,2,6,"(45.02246287400, -93.4616016242)"
NM,Rio Rancho,3563460,87521,9.4,24.3,16.8,25.7,72.1,5.8,9.7,5.1,57.2,74.2,58.3,5.3,34.9,25,16,67,8.8,31.4,2.6,16.1,71.6,11.8,25.4,83.4,12.1,31.6,2.6,12.6,"(35.28730793500, -106.697981552)"
PA,Reading,4263624,88082,25.1,28.2,15.6,33.8,74.4,4.9,11.7,7.7,66.9,62.5,51.1,9,27.6,24.3,24.2,46.2,14.8,37.2,3.9,38.6,75.9,18.3,41.2,79.5,18.7,45.3,4.4,31.6,"(40.33996786860, -75.9266128837)"
AZ,Mesa,446000,439041,14.6,25.7,16.6,29.4,73.4,6.7,10.1,6.4,66.5,74.7,63.8,6.6,35.8,31.6,17.4,64.1,9.6,37.1,3.2,23.4,78.7,12.9,28,NA,13,35.5,3.2,13.2,"(33.40228373590, -111.718721181)"
FL,Deltona,1217200,85182,23.9,25.6,16.8,32.5,76.8,6.5,8.3,7.4,74.4,76.5,59.9,8.7,26.4,33.6,21,55.6,12.2,38.2,3.3,34.3,80.1,14.4,33.6,79.5,15.3,38.1,3.5,17.7,"(28.90506004800, -81.2134269839)"
OR,Portland,4159000,583776,9.9,19.6,20,24.4,69.9,5.8,9.5,4.9,60.4,71.4,67.6,5.1,35.7,28.6,16.6,70.7,7.7,33.1,2.5,14.3,75.2,12.1,22.8,82.7,10.1,30.8,2.5,12.6,"(45.53718065400, -122.650032751)"
IL,Springfield,1772000,116250,10.6,27.2,19.2,33.2,77.1,7,9.9,6.7,69.5,75.6,63.9,7.3,34.5,29.8,20.3,60.8,10.4,37.8,3.1,25.4,77.5,12.4,35.6,84.3,13.2,34.2,3.4,15.3,"(39.77164733220, -89.6540780049)"
KY,Louisville,2148006,597337,8.3,28.5,18.1,39.7,78.3,6.7,12.3,8.1,75.8,73.9,66.8,9.4,43.1,36.4,23.2,62.8,11.5,37.8,3.2,26.3,82.2,14.3,34.2,86.2,14.3,37.9,3.7,18.5,"(38.17776899180, -85.6664099974)"
AR,Little Rock,541000,193524,11.9,26,15.4,37.2,77.9,6.1,9.3,6.2,73.5,75.1,70.4,6.7,42.6,31.4,19.9,65.9,11.4,37,3,28.9,78.4,14.2,34.2,NA,13.9,36.5,3.4,15.3,"(34.72539578940, -92.3583751863)"
IN,South Bend,1871000,101168,16.6,28.4,17,36.2,76.5,6.1,11.5,7.6,67.8,69.7,58.2,8.8,32.7,26.2,25,55.1,13.2,37.9,3.5,32.4,76.5,15.1,38.6,79.1,15.7,40.4,4.2,23.4,"(41.67699145490, -86.2690372417)"
ME,Portland,2360545,66194,11.6,25.8,19.5,27.5,72.1,6.3,11.4,5.6,69.7,76.2,73,6,43.1,34.7,16.5,66.3,7.9,35,2.4,17.7,78.1,12.9,26.3,83,10.7,31.5,2.7,11.9,"(43.67798362710, -70.2752544531)"
CT,Hartford,937000,124775,18.8,23.4,14.6,34.8,72.1,4.4,12.5,6.1,74.2,68.6,59.3,7,24.9,24,20.6,60.6,14,35.8,3.4,35.1,84.5,15.7,35.7,NA,15.4,40.9,3.8,20.3,"(41.76607064190, -72.6834012389)"
NC,Charlotte,3712000,731424,17.2,17.8,17.6,30.5,72.8,5,8.6,4.8,74.1,76.5,65.8,5.2,37.3,34.8,17.1,66.2,9.1,32.2,2.6,19.1,81.9,11.9,29.1,87,10.3,33.4,2.8,15.1,"(35.20787219690, -80.8300754645)"
DE,Wilmington,1077580,70851,17.1,24.3,15.1,37.6,76.9,5.6,10.7,6.4,77.1,72.5,59.5,7.5,31.9,30.7,23.8,52.7,13.9,35.2,3.5,32.9,82.6,14.5,36.4,83.7,14.2,43.1,4.3,21.6,"(39.74127482270, -75.5418960925)"
FL,Plantation,1257425,84955,17.5,20.7,18.3,29.4,75.3,6.5,7.4,5.5,76.9,81,64.8,5.8,35.3,31.3,14.2,68.6,9.6,35.5,2.6,23.5,83,11.3,24.9,82.1,11,35.4,2.8,11,"(26.12598539230, -80.2616762465)"
CA,Redding,659920,89861,8.8,24.3,17.7,30.6,73.1,7.4,9.6,7,65.1,74.9,66.8,7.5,35.4,29.6,17,59.9,9.9,35.6,3.2,20.7,76.5,13.4,25.4,82.8,13.3,31.6,3.5,14,"(40.56975912710, -122.365026322)"
TX,Abilene,4801000,117063,22.6,23.6,17.9,30.3,75,5.8,9.3,6.2,66.5,68.1,58,6.5,33.1,31.4,20.8,53.1,10.7,36.8,2.9,27.9,76.1,13.3,34.2,80.5,13,33.2,3.2,15.7,"(32.45465108980, -99.7383043723)"
MI,Flint,2629000,102434,17.7,34.5,15.2,41,76.2,5.8,13.7,8.9,75.1,69.3,57.4,11.7,22.9,20,29.7,50.8,16.6,40.5,4.4,35.3,83.4,18.4,45,84.1,19.9,48.7,5.7,25.4,"(43.02363393860, -83.6920640313)"
AZ,Avondale,404720,76238,19.3,19.2,17.7,24.8,65.9,4.1,10,4.4,63.2,68.7,58,5.1,30.4,27.5,18,59.9,8.9,32.7,2.7,24.7,79.8,13.6,29.9,NA,12.4,38.1,2.4,14.7,"(33.38583674050, -112.323626619)"
CA,Hayward,633000,144186,14.3,17.2,18,25.6,69.1,4.8,8.8,4.7,64.9,71.7,66.3,4.7,31.5,31.1,14.6,61.9,9.7,30.5,2.6,21,78.2,11.8,22.7,81.2,11.1,36.7,2.4,11.6,"(37.63295915510, -122.077051051)"
TX,Fort Worth,4827000,741206,24.8,20.3,17.2,29.5,73.1,4.9,9.6,5.4,67.7,69.1,58.4,5.9,36.8,29.5,19.5,54.9,11.6,34.7,2.8,30.1,78.5,13,33.4,80.5,12.7,37.2,3,17.2,"(32.78019280400, -97.3470323225)"
CA,Glendale,630000,191719,9.7,20.8,16.6,28.3,71.7,6.5,8.4,5.7,67.3,78.6,66.1,6,31.4,36.6,13.3,66.4,9.5,34.8,2.9,18.6,78.3,11.7,22.5,84.2,11.9,34.6,3,10,"(34.18188937300, -118.246766660)"
NC,Asheville,3702140,83393,13.9,23.9,15.5,30.9,77.7,6.9,8.3,6.4,73.9,79.1,67.8,6.2,43.6,35.5,16.5,63.9,9.4,34.7,2.9,19.6,79.8,11.7,26.6,86.9,11,30.1,3.2,13.8,"(35.57082513910, -82.5537350816)"
UT,Layton,4943660,67311,12,19.8,10.1,23.1,68.2,5.2,8.7,4.1,61,67.3,70.1,4.3,36.5,32.3,9.5,74.4,7.6,33,2.3,18.1,75.4,11.5,28.8,78.8,10.3,31.4,2.1,11.1,"(41.07718161400, -111.961589302)"
TX,Pearland,4856348,91252,15.1,18.2,19.2,27,73.3,5,8,4,68.8,77.3,65.2,3.9,34.5,33.9,14,68.9,8.2,33.1,2.1,19.6,77.9,9.8,28.4,81.9,8.9,32.3,1.9,8.6,"(29.55848505770, -95.3208389111)"
PA,Erie,4224000,101786,12.1,29.2,17.5,31.4,76.4,6.3,11.2,7.5,70.1,69.4,62.6,8.4,39.6,31.1,23.6,59,11.3,35.1,3.2,28.3,78.3,15.9,38,79.7,14.9,42,4,21,"(42.11646987540, -80.0730358517)"
IL,Joliet,1738570,147433,15.8,21.8,20.3,28.4,71.3,5.2,9.7,5.3,66.5,71.5,58,6.1,31.9,26.2,20.5,58.2,9.5,33.3,2.7,27.9,75.6,12.5,37.6,83.7,12.7,34.8,2.8,18.7,"(41.52063900370, -88.1507097756)"
CA,Tracy,680238,82922,12.3,17.4,19.7,25.8,66,4.7,8.8,4.3,62.1,73.3,66.8,4.8,35.7,31.7,14.2,67.2,8.6,31.2,2.4,20.6,81.2,12.3,28,84.8,11.1,35.6,2.2,11.9,"(37.72432773750, -121.444621463)"
GA,Johns Creek,1342425,76728,10.2,16.8,16.8,26.8,73.3,5.5,7,3.8,73.8,84.5,66.5,3.9,38.6,42.3,11.5,76.8,7.2,32.5,2,18.2,81.7,8.6,18.9,82.6,7.9,33.3,1.8,7,"(34.03329919980, -84.2027195506)"
NC,Jacksonville,3734200,70145,18.7,14,23.7,22,61.9,3.2,8,3.3,68.8,60.2,64,4.2,39,32.3,19.5,67.1,5.8,26.5,1.8,19.4,78.8,13.8,24.8,82.7,8.7,37,1.8,18.3,"(34.73311030370, -77.3951822819)"
IA,Des Moines,1921000,203433,10.4,24.8,19.8,28.1,74.9,5.9,8.6,6,68.5,69.2,65.3,6.1,40.5,33,22.1,65.7,9.7,36,2.7,24.9,78.9,12.6,32.8,85.4,11.7,32.7,3.1,15.7,"(41.57413495250, -93.6165066086)"
MI,Southfield,2674900,71739,10.2,31.1,14.8,41.7,80,7.3,11.3,6.9,78.5,80.9,68.7,7,29.8,26.1,17.7,72,13.3,39.6,3.5,24.4,82,11.8,33.1,88.4,13.2,39.4,4.1,11.9,"(42.47650162670, -83.2605284738)"
PA,Allentown,4202000,118032,18.7,28.7,17.1,33.9,74.8,5.7,10.7,7.3,68.6,68.1,55.6,7.8,33.9,28.3,21.6,54.3,12.8,36,3.4,31.6,77.5,15.6,36.7,80.6,15.7,39,3.8,24.1,"(40.59609961800, -75.4755373968)"
NY,Mount Vernon,3649121,67292,12.9,26.5,15.6,35.6,77.1,5.8,12.4,6.1,76.3,78.3,66,6.8,30.6,28.5,17.6,60.4,12.9,36.9,3.3,30.3,81.1,12.6,30.5,84.6,13.5,41.1,3.9,18.2,"(40.91360085690, -73.8291001676)"
FL,Lakeland,1238250,97422,22,30.2,13.6,36.3,81,7.9,8.6,8.8,77.4,77,67.5,9.2,35.1,31.9,18.5,56.1,13.2,40.3,3.7,32,82.4,13.4,35.6,83.2,15.6,35,4.6,18.7,"(28.05584826640, -81.9539536462)"
CA,Elk Grove,622020,153015,9,17.2,17.8,27.7,67,5.1,9,4.3,65.3,75.4,71.8,4.5,31.8,29.4,13,69,8.6,30.5,2.4,18.2,79.7,11,24.4,81.4,10.1,37,2.2,8.7,"(38.41599920060, -121.384137762)"
AZ,Peoria,454050,154065,11.1,25.5,17.2,28.8,74.3,7,9.7,6,67.8,78.7,66.2,5.9,37.9,33.5,15.5,69.7,8.9,36.5,2.9,20.6,79.2,11.5,26.2,NA,11.7,34.5,2.9,10.7,"(33.78472064220, -112.298680584)"
VA,Roanoke,5168000,97032,16.1,28.9,14.7,36,79.9,6.7,9.9,7.2,75.3,77,67.1,8.1,39.3,34.2,21.6,60.5,12.2,36.8,3.3,27.3,82.7,13.9,33.7,85.3,14.1,39.4,4,18.1,"(37.27821818550, -79.9581615989)"
FL,Miami Gardens,1245060,107167,29.2,20.7,14.1,37.6,79.7,5,9.4,6.4,80.4,73.2,52.4,7.5,20.1,20.2,20.4,52.5,14.4,35.8,3.7,40.7,85.5,14.4,33.6,82.7,14.7,41.2,4.6,21.6,"(25.94326338710, -80.2425332162)"
GA,Athens,1303440,115452,20.4,17.8,16,28.4,68.9,4.1,9.6,4.5,71.4,64.4,59.7,6.3,32.9,29.9,20.3,59.2,8.7,31,2.6,28.2,81.9,15.3,27.5,80.9,11.4,37.3,2.7,18.7,"(33.95081706830, -83.3689417445)"
CA,Sacramento,664000,466488,13.2,19.2,16.8,30.3,67.7,5.2,9.9,5.4,64.5,70.1,68.6,5.9,29,25.8,15.7,60.5,10.4,32.1,3,22.7,79.7,13.2,28.1,81.6,12.7,37.8,3,13,"(38.56663215670, -121.468299801)"
NC,Raleigh,3755000,403892,15.6,17.4,17.7,26.8,71.5,4.8,8.5,4.2,72.7,76.1,69.1,4.6,44.2,42,15.6,66.8,7.8,30,2.3,17.9,81.7,12.2,27.9,86.8,9.2,33.1,2.4,12.1,"(35.83220809330, -78.6440243809)"
CA,Simi Valley,672016,124237,8.8,18.6,19.6,25.8,69.9,6,8.4,4.7,64.7,78.6,72.7,4.9,35.9,36.7,13,72.6,8,31.9,2.3,17.4,80,10.9,23.1,85.1,10.1,33.8,2.2,8.6,"(34.26624628570, -118.748980462)"
TN,Knoxville,4740000,178874,15.6,27.6,14.7,34.9,76.2,6,10.9,6.5,68.3,73.1,64.7,8.5,32.9,34.6,23.9,55.9,10.6,36.5,3,26.9,80,16.1,32.1,82.3,15.1,36.8,3.4,17.2,"(35.96905945310, -83.9495877264)"
UT,St. George,4965330,72897,13.5,25.8,10.4,29.6,74.8,7.6,8.7,6.9,62.7,66.7,69.4,5.8,36.4,27.9,9.4,71.2,9.6,38.9,3.3,18.1,72.5,11.6,24,78.8,11.5,30.8,3.4,12.3,"(37.07874446340, -113.579352503)"
CA,Mountain View,649670,74066,7.7,14.1,16.9,20.3,65.9,5.2,7.4,3.7,63.8,78.7,74.2,3.3,38.7,36.6,9.4,75.4,6.9,27.7,2,15.8,80.9,8.6,19.1,84.4,7.8,30.2,1.7,6.3,"(37.39992523790, -122.079544343)"
CO,Denver,820000,600158,14.8,19.3,23.9,23.7,66.7,5.3,8.8,4.3,59.5,71,64.2,4.2,38.3,32.1,17.3,65.3,6.2,29.2,2.4,15.4,75.3,11.4,19.8,85.2,10.3,28.4,2.4,11.5,"(39.76202837430, -104.876365322)"
WA,Kent,5335415,92411,14,21.6,16.8,27.2,64.7,5.3,10,5.2,59.8,68,61.7,5.9,37.6,32.6,16.1,62.1,9.2,34.6,2.9,19.1,76.4,13.1,27.4,NA,12.2,33.6,2.8,12.8,"(47.38496362720, -122.217890194)"
IA,Cedar Rapids,1912000,126326,7.3,24.6,20.5,29.3,75.3,6.6,8.1,5.8,70,72.7,67.3,5.4,44.8,39,16.6,73.1,8.4,35.2,2.5,22.2,78.3,11.1,32.2,85.8,9.9,28.1,2.7,13.1,"(41.96672925800, -91.6781679349)"
CA,Inglewood,636546,109673,18.9,19.4,15.2,32.9,70.5,4.6,9.9,5.1,69,72.2,61.4,5.8,22.3,29.9,15.4,54.4,12.8,32.9,3.3,24.5,82.5,14,32.9,87.2,14.3,41,3.6,14.3,"(33.95657480180, -118.344444926)"
FL,Boynton Beach,1207875,68217,21.8,27.7,16,34.3,80,8.2,8,8.4,79.6,79.7,63.3,8.4,33.1,32.7,17.3,66.4,12.7,39.6,3.6,32,79.7,12.7,26,84.4,14.8,39.9,4.3,13,"(26.52798180520, -80.0814660417)"
MI,Grand Rapids,2634000,188040,14.4,26.4,20.7,30.1,73.2,5.8,11,6,71.6,69.8,65.1,7.5,38.8,30.4,20.6,64.9,9.7,34.3,3,24.1,81.8,14,33.9,85.2,13.5,36.1,3.2,14,"(42.96148154140, -85.6556858473)"
CA,Rancho Cucamonga,659451,165269,10.3,16.9,19.6,25.8,66.4,4.8,8.8,4.1,65.4,77.2,66.8,4.4,31,32.8,12.8,68.9,8.1,31.9,2.3,17,82.7,11.3,24.1,84,10.1,36.9,2.1,9.9,"(34.12458955550, -117.566175870)"
NM,Albuquerque,3502000,545852,12.2,24.8,15.4,26.5,71,5.8,10.4,5.6,60.2,71.2,60,5.5,41.8,29.4,15.9,65.9,9.3,34.7,2.9,18.7,74.4,12.6,27.7,83.5,12.9,32.3,2.9,12.5,"(35.10550257710, -106.647447696)"
OK,Edmond,4023200,81405,10.8,21.6,14.6,27.2,74.1,6,9.2,5.2,68,75,66.8,5.2,43.7,43.4,14,71,7.5,33.9,2.3,20.8,80.7,11.6,26.6,84.9,10.2,30,2.3,10.1,"(35.66893505160, -97.4159205309)"
NH,Nashua,3350260,86494,11.8,25.7,17.6,28.3,74.8,6.5,10.4,5.7,72.7,78,69.9,6.5,39.3,34.3,18.2,67.9,8.9,34.7,2.6,22.8,79.8,12.1,28.2,NA,11.9,35.1,2.6,16.1,"(42.74915544590, -71.4909587631)"
OK,Norman,4052500,110925,13.7,21.6,14.7,29,71.6,5.2,9.9,5.2,67,67.3,63.2,5.8,37.7,35.5,16.6,65.8,8,34.1,2.3,24.2,77.1,14.9,30,82,11.6,33.6,2.4,12.9,"(35.23350326470, -97.3470413838)"
MT,Billings,3006550,104170,12.1,26.4,20.4,28.8,74.1,7.3,9.1,6.3,66.1,71.9,62.7,6.2,43.4,36.5,18.7,66.4,8.8,32.6,2.7,21.3,76.1,11.6,29.5,82.9,11.7,30.4,3,14,"(45.78931026090, -108.548827840)"
IN,Evansville,1822000,117429,13.3,31.3,16.8,33.8,77.9,6.6,11.3,8,69.5,71.5,63,9,33.7,30.8,25.2,58.2,11.8,37.9,3.3,31.1,75.4,15.2,36.2,80.2,15.1,36.2,4,21,"(37.98671580260, -87.5382707310)"
MO,Springfield,2970000,159498,15.9,28.3,16.1,30.4,76.6,6.4,10,6.9,68.5,68.1,56.5,8.4,35,28.3,24.5,51.7,10.1,36.6,3,27.6,73,15.7,32.4,80,14.9,32.5,3.5,19.9,"(37.19426614840, -93.2914273656)"
TX,Sugar Land,4870808,78817,12.3,19.5,16,28,78.2,5.7,7.2,4.6,70.8,80.8,65.4,3.8,37.3,37,11.7,72.4,9.7,36.7,2.2,19.7,78.1,8.5,24.4,78.6,8.4,32.1,2,6.7,"(29.59746809020, -95.6274557750)"
MA,Worcester,2582000,181045,11,24,18.3,30.1,74.6,5.7,11.4,6,77.4,73.6,65.2,6.7,31,27.9,21.1,61.3,9.8,34.9,2.8,26.4,80.5,14.6,28.5,84.4,12.9,38.2,3,19.2,"(42.27054254460, -71.8079404584)"
IL,Aurora,1703012,197899,18.6,19.8,20.1,26.4,70.3,4.5,9.2,4.8,65.1,70,57,5.3,27.1,29.8,18.3,62,9.3,33.3,2.6,26,78.4,12.3,34.4,84.5,12.3,35,2.5,16.6,"(41.76377508370, -88.2900949057)"
WA,Federal Way,5323515,89306,12.5,22.5,16.7,28.1,66.9,5.8,9.8,5.4,61.1,70.4,63.4,5.8,38.4,33.3,14.7,65,9.5,35.4,2.9,18.2,76.7,12.4,26.7,NA,11.7,32.8,2.9,11.6,"(47.30908463160, -122.335755583)"
CA,Santa Monica,670000,89736,6.3,17.8,19.2,24.3,69.8,6.4,7.7,4.3,67.5,82,72.1,4.1,35.4,40.4,9.7,75.3,7.1,30.8,2.3,12.8,81,9.4,20.6,87.7,8.7,31.7,2.2,5.7,"(34.02318916120, -118.481563937)"
IN,Gary,1827000,80294,18.7,34,11.3,49.2,83.1,5.9,13,9.3,74.8,71.9,53,10.3,21.5,17.5,25.5,42.3,21.6,42.1,4.8,40.2,79,15.9,49.1,83.7,19.3,48.1,6.7,31.1,"(41.59047792390, -87.3472907397)"
WA,Bellingham,5305280,80885,10.1,20.9,19,23.5,67.5,5.8,10.3,5.3,56.1,65.1,69.1,5.8,43.2,29.6,15.1,63.7,7.4,34.9,2.6,15.3,71.8,13.4,27.6,NA,11.2,30.1,2.6,12.1,"(48.75353703150, -122.468092906)"
WA,Bellevue,5305210,122363,7.1,19.9,16.6,24.7,68.3,6.4,7.9,4.5,62.8,77.1,70.8,3.7,45.2,39.7,8.7,76.7,7.3,33.5,2.4,12.3,78.4,8.3,19.8,NA,7.9,28.5,2.1,5.9,"(47.59624376060, -122.153569982)"
NY,New York,3651000,8175133,14.6,21,18.9,28.4,73.7,5.3,10.5,5.6,73.8,75.3,62.5,5.9,28,27.4,16.3,63.2,11.3,34.4,2.9,28,79.9,12.3,24.8,82.7,12.2,39.8,3.1,15.2,"(40.69496068900, -73.9313850409)"
MI,Troy,2680700,80980,6.9,26.1,18.4,29.7,76,7.4,8.8,5.6,71.9,82.7,70.4,5.5,37.6,32.8,14.2,80.8,8.3,39.1,2.5,17.8,77.8,9.7,21.7,85.1,10,32.3,2.4,7.4,"(42.58173403580, -83.1457545154)"
CA,Santa Barbara,669070,88410,11.6,18.4,18.9,26.6,69,6.2,8.4,5.2,64.8,75,70.1,5,34.5,32.7,12,70.9,8.4,32.7,2.6,17.6,78.6,10.9,23.8,84.2,10.7,27.2,2.5,9.4,"(34.42857338740, -119.720187334)"
CA,Newport Beach,651182,85186,5,19.6,18.1,26.1,73.6,7.6,7.7,5.2,69.2,83,76.5,4.4,47.5,39.2,9,79.2,7.6,33.9,2.4,11.8,81,8.4,18.9,85.6,8.8,27.5,2.3,5.5,"(33.61501036070, -117.867364631)"
TX,Mesquite,4847892,139824,24.4,21.8,17.2,31.6,73.5,5.2,9.6,5.8,69.4,69.8,57.4,6.4,31.1,27.5,19.3,57.2,10.9,36.8,2.9,28.8,73.3,13.4,34.3,80.1,12.8,34.6,3.1,16.7,"(32.76413101660, -96.5927445114)"
MI,Detroit,2622000,713777,19.5,33.7,14.8,46.6,78.7,5.8,14,8.5,77.2,71.7,58.5,11.3,20.8,21.5,28.3,50.7,17.7,39.9,4.7,35.7,83.9,18,47,85.5,19.3,49.8,6.4,25.9,"(42.38470156310, -83.1053178776)"
MA,Lawrence,2534550,76377,21.9,22.5,15.3,28.4,72,4.4,11.4,6.6,74.3,67.2,54.1,7,20.8,17.3,20.9,54.6,13.7,35.9,3.4,33.2,78.6,16.8,32,83.5,16.4,40.5,3.3,25.7,"(42.70027722010, -71.1626790341)"
CA,San Buenaventura (Ventura),665042,106433,10.3,20.3,18.7,27.8,71.4,6.6,8.5,5.4,65.2,77.9,72.1,5.5,35.9,35.4,13.1,70.7,8.7,33.2,2.7,18.6,80.2,11.3,24.5,85.9,11,33.3,2.6,9.3,"(34.27436102060, -119.231436551)"
CT,New Haven,952000,129779,13.9,20.7,15.7,30.7,70.5,4.7,11.2,4.8,71.7,70.1,68,6.3,26.7,26.4,18.6,66.3,10.3,31.9,2.8,26.1,84.7,14.3,32,NA,12.2,40.5,3.1,16.9,"(41.31138693920, -72.9247595793)"
TX,Frisco,4827684,116989,11.7,16.8,20.7,22.6,69.3,4.8,7.7,3.2,68.6,78.9,68,3.4,39,38.6,13,72.5,6.4,31.2,1.8,16.8,77.4,9.4,27.4,83.6,7.7,31.5,1.5,6.7,"(33.15075451520, -96.8201336312)"
KS,Topeka,2071000,127473,17.3,26.8,14.1,35.2,77.4,6.7,10.1,6.7,68.3,71.2,64.3,7.2,33.9,36.3,19.9,62.6,11.3,40.4,3,26.1,81.3,12.6,36.6,82.6,12.2,32.5,3.5,16.1,"(39.03595499110, -95.6954155341)"
CA,Menifee,646842,77519,12.2,24.7,17.4,32.8,74,7.4,8.7,7.3,68.1,77,70.8,6.7,32.3,32.7,14.3,65.7,10.8,36.3,3.3,22.7,79.8,11.7,27.3,84.3,13,36.7,3.5,13.6,"(33.69095330450, -117.184876990)"
GA,Savannah,1369000,136286,20.8,25.4,14.8,38.1,75.8,5.3,10,6,76.8,72.3,63.1,7.6,30.1,29.9,21.3,56.4,12.8,35.3,3.3,31.5,83.6,14.3,33.7,83.7,13.6,41.3,4.1,21.7,"(32.02836151570, -81.1783435493)"
NY,Yonkers,3684000,195976,14.7,25,17.1,29.6,74.8,6.2,10.7,6.2,71.6,76.8,65.3,6.5,35.4,31.3,15.9,63,10.8,37.9,3,29.2,78.1,12,25.5,82.7,13,36.3,3.2,15.3,"(40.94650255970, -73.8636959965)"
CA,Palmdale,655156,152750,18.7,18,17.1,27.3,65.9,4.4,9.3,4.9,64.6,70.7,58.6,6,25.2,30.5,16.3,55.6,10.6,32.6,3,24,79.3,14.6,29.3,85.3,14.3,38.6,3,14.5,"(34.59448998030, -118.105772328)"
FL,Deerfield Beach,1216725,75018,22.8,26.7,15.6,36.6,78.7,7.9,8.2,8.4,77.8,78.7,60.6,8.7,32.3,27.5,18.4,59,12.9,40.3,3.6,31,81.3,13.4,28,80.5,14.9,37,4.4,17.1,"(26.30499664130, -80.1277706584)"
OK,Broken Arrow,4009050,98850,12.2,23.9,14.9,31.5,75.3,6.3,9.4,5.5,69.5,75.5,63.5,5.9,45.3,36,17,67.2,8.6,35.5,2.5,24,76.1,12.4,27.5,82.4,11.7,31.9,2.6,13.6,"(36.03663249110, -95.7809572414)"
TX,Wichita Falls,4879000,104553,20.6,23.2,18.2,32,75.5,5.6,9.1,6.3,70.3,69.7,60.6,6.7,30.4,31.5,21.2,59.4,11.7,37.9,2.9,28.7,77,13.4,30.5,80.7,12.8,38.2,3.2,14.6,"(33.90727398380, -98.5292981697)"
TX,Waco,4876000,124805,26.3,22.7,16.4,31.3,74.9,5.2,10,6.1,67.8,63.9,58.8,6.7,29.7,25.4,20.1,54,11.6,36.5,3.1,30.8,75.5,15,36.8,80.3,13.7,34.8,3.5,18.1,"(31.55976071370, -97.1883333282)"
CA,Chula Vista,613392,243916,15.2,16.5,19.1,25.5,68,4.8,7.9,4.7,64.3,72.9,65.6,4.5,25.8,29.1,12.5,66,9.8,32.5,2.7,20.6,80.7,11.8,21.9,85.4,11.1,34.4,2.5,10.8,"(32.62829642620, -117.010042407)"
CA,Alhambra,600884,83089,13.1,16.8,12.4,27.7,72.6,4.8,6.8,4.8,67.4,75.9,58.9,4.1,25.9,32.3,11.1,61.1,11.4,35.4,2.7,22.8,77.6,10.1,18.3,78.9,10.6,37.9,2.5,9.2,"(34.08397343830, -118.135514119)"
NC,Wilmington,3774440,106476,16,22.7,16.6,29.1,76.9,6.2,8.9,6.1,73.2,74.4,70.2,6.4,39.9,36.8,19.2,63.2,9.7,33.3,2.9,22.6,79.9,13.5,28.8,84.9,11.8,31.6,3.2,14,"(34.21027585690, -77.8872842368)"
NV,Henderson,3231900,257729,12.1,23.4,17.2,26.2,73.3,6.6,8.2,6.2,70,77.1,62.8,6.4,37,30.8,16.8,67.3,10,34.8,2.7,20.8,74.2,12.6,23.8,80,12.1,38,2.7,10.7,"(36.01223949160, -115.037392161)"
KS,Overland Park,2053775,173372,9.7,21.7,18.3,26.7,76.4,6.5,8.3,4.7,71.9,79.8,72.1,4.2,40.8,35.1,12.5,78,7.2,37.2,2.2,15.4,80.6,8.4,24.1,86.4,7.5,25.7,2.1,7.8,"(38.88729225750, -94.6872267067)"
CA,Long Beach,643000,462257,15.4,17.3,17,26.5,67.2,4.8,8.7,4.7,65.5,72.8,62.7,5.2,29.1,34.8,14.2,60.2,9.7,31.9,2.7,21.1,79.6,12.9,25.8,84.7,12.2,37.4,2.7,10.6,"(33.80601448250, -118.160894146)"
FL,Hollywood,1232000,140768,24.4,23,16.7,32.5,75.9,6.6,7.7,6.9,76.2,78.2,59.1,7.3,32.3,27.8,17.1,60.4,11.9,38.4,3.2,29.8,81.9,13,28,81,13.8,36.9,3.5,14.8,"(26.02870257030, -80.1683976059)"
CA,Rialto,660466,99171,20.8,18,17.1,29.2,65.9,4.1,10,5.1,63.8,68.6,58,5.7,23.3,25.2,16.3,54.1,11.2,34,3,25.7,82.1,14.5,30.5,83.5,14.1,40.2,3,18.9,"(34.11281580890, -117.388535978)"
MI,Dearborn,2621000,98153,13.1,30.8,21,32.6,74.2,7.2,11.6,7.8,69,73.9,63.7,10.5,32,30.1,25.3,64.7,9.8,38.6,3.4,25.8,78.8,16.5,33.2,83.1,15.8,39.4,3.9,15.8,"(42.31268846260, -83.2129368006)"
CA,Oakland,653000,390724,13.2,19.2,17.1,28.9,71.6,5.1,9.8,5,67.1,73.4,67.6,5.2,30.5,29.9,15.5,60.6,11,30.8,3,21.5,80.6,12.4,25.1,83.6,12,37.3,3.1,13.5,"(37.79087803500, -122.214859257)"
MO,St. Louis,2965000,319294,17.9,28.8,18.6,34,77.5,5.5,11.4,6.4,73.7,70.3,61.9,7.8,32.7,29.7,24.9,54.6,13,33,3.3,28.8,79.3,15.5,36.7,84.9,15.4,37.7,4.2,23.3,"(38.63581226150, -90.2451186799)"
CA,Riverside,662000,303871,16.1,18,18.7,26.4,65.7,4.7,8.8,4.9,63.6,68.1,66.2,5.2,30.3,30.9,15.2,60.8,9.1,31.9,2.7,23.3,81,13.1,28.1,83.9,12.2,38.7,2.6,13.9,"(33.93812516850, -117.394845824)"
PA,Scranton,4269000,76089,11.4,29.8,18.9,33.3,77.8,7,10.7,7.9,72.9,71.7,59.6,8.3,37.1,29.3,21.3,59,11.2,37.4,3.3,28.4,77.1,14.9,31.4,80.6,14.4,36.3,3.9,19.4,"(41.40437293620, -75.6649126898)"
IL,Cicero,1714351,83891,31.6,18.1,21.2,27.4,65.8,3.8,9.4,5.3,63.2,63.9,46.1,5.8,26.7,20.4,19.5,46.1,11,35,3.2,34.4,75.4,14.4,36.1,84.5,15,36.3,2.8,19.9,"(41.84453914300, -87.7592873023)"
IL,Peoria,1759000,115007,12.1,26.6,18.6,32.5,76.4,6.4,10.1,6.6,69.5,72.8,61.7,7.1,34.7,29.4,20.1,59.3,10.8,35.6,3.1,26.1,78,13.1,35.3,83.4,13.7,33.7,3.5,16.6,"(40.75156841460, -89.6152554580)"
AL,Mobile,150000,195111,17,32.1,14.7,42,79.3,6.3,9.9,7.7,74.6,75.9,65,8.6,31.8,30.7,20.2,58.7,15.2,39.9,3.4,29.5,82,14.7,39,85.5,15.7,39.1,4.5,19.7,"(30.67762486480, -88.1184482714)"
CA,Lakewood,639892,80048,10.6,18,17.8,26.2,69.4,5.6,8,4.6,67.4,78.5,66.5,4.8,31.2,37.7,12.3,68.1,8.8,32.4,2.5,17.7,79,11,22.7,84.4,10.6,35.8,2.4,8.2,"(33.84705319410, -118.122204765)"
CA,Clovis,614218,95631,10.3,19.5,17.7,27,69.9,5.8,9.1,5.1,63.1,75.3,67.2,5.6,37.4,32.6,14.2,68.7,8.9,32.7,2.6,18.6,78.8,11.9,29.1,81,11.2,33.5,2.6,12,"(36.82894001790, -119.686652850)"
IA,Waterloo,1982425,68406,9.8,27,20.9,33.1,77.8,6.7,8.8,6.7,70.5,70.4,66,6.5,51.9,34.5,19.7,66.4,11.2,37.5,3,26.7,78.8,12.1,34.9,83.1,11.7,29.9,3.6,16.1,"(42.49197369320, -92.3521759342)"
MA,New Bedford,2545000,95072,12.9,31,15.9,34.5,78.3,7,13,8.1,78.1,74.1,66,10.4,30.8,22.7,26.6,57.6,11.8,39.4,3.5,31.3,82.5,18.3,31.6,82.9,16.9,40.3,4.2,26.7,"(41.67126672580, -70.9441204537)"
CT,Bridgeport,908000,144229,16.9,22.1,15.9,30.2,71.9,5,10.4,5.7,69.6,71.9,63.6,6.1,26.7,26.1,18.6,61,11.3,34.6,3.1,28.1,82.9,14.4,31.7,NA,14.1,40.2,3.3,14.1,"(41.19280542330, -73.1960546940)"
CA,Lynwood,644574,69772,28.2,16.2,16.2,26.5,62.6,3.4,9.5,4.8,61.6,63.5,51.5,5.7,18.9,24.5,17,46.4,11.7,32.5,3.2,29.2,79.7,16.1,32.3,85.3,15.9,39.7,3,18,"(33.92396168670, -118.201648375)"
CA,Escondido,622804,143911,17.1,18.8,19.6,26.9,67.8,5.4,8.9,5.5,62.9,69.6,65.8,6,26.9,29.7,15.8,61.6,9.7,33.9,2.9,22.4,79.9,14,23.4,85.1,13,34.5,3,13.7,"(33.13469529550, -117.072122618)"
FL,Fort Lauderdale,1224000,165521,21.2,23.2,17.2,34,76.5,6.6,8,6.9,77.1,78.7,61.6,7.4,34.3,29.8,17.9,61.2,11.9,38.1,3.1,28,82.8,13,28.4,81.6,13.4,37.4,3.8,14.3,"(26.14182051740, -80.1471225502)"
NC,Greenville,3728080,84554,16.9,18.2,18.6,27.6,70.4,4.2,9.6,4.6,71.9,67.5,66.9,5.5,37,32.9,20,60,8.7,29.5,2.5,22.1,80.5,15.1,33.3,84.4,10.9,37.9,2.8,18.9,"(35.59592118760, -77.3766133673)"
CA,Fullerton,628000,135161,12.2,16.7,16,24.9,69.4,5.3,8,4.8,65.6,73.2,66.5,4.7,40.2,33.1,12.3,66.3,9.1,33.2,2.5,18.4,79.3,10.9,21,81.5,10.8,32.5,2.3,9.3,"(33.88403780130, -117.927850895)"
CA,Vallejo,681666,115942,11.8,20.2,14.9,31.5,72.8,5.5,9.3,5.7,66,74.3,67,5.8,31.5,31.9,14.9,64.4,12,35,3,23.9,79.6,12.2,25.2,81.3,12.3,38.8,3.2,13.5,"(38.11353292470, -122.235518478)"
MN,Bloomington,2706616,82893,7.7,21.7,21.8,27.8,78.5,7.4,7.8,5.7,71.1,78.7,71.6,4.4,40.6,40.6,14.3,76.3,7.6,34.3,2.7,16.4,80.2,8.7,22.8,83.4,8.7,27.6,2.7,8.3,"(44.83058524290, -93.3150995817)"
CA,Fremont,626000,214089,7.6,15,16.8,22.7,70.3,4.9,7.2,3.7,66.4,78.6,70.7,3.3,36.4,36.6,10.4,72.4,7.9,29.6,2,15.6,78.7,8.5,15.7,80.2,7.8,34.6,1.7,6.7,"(37.52786854050, -121.984121512)"
TX,Midland,4848072,111147,21.6,22.6,19.3,30.8,74.7,5.8,8.6,5.5,67.1,72.6,59.1,5.2,34.7,30.6,16.3,63.3,9.7,35.9,2.6,25.4,75.5,11.3,32.7,81.4,11.2,32.5,2.6,11.6,"(32.02859483560, -102.109700973)"
TX,Plano,4858016,259841,13.5,20,17.7,26.3,73.7,5.6,7.8,4.3,70.6,78.1,65.9,4.1,38.2,37.9,12.9,68.4,8.3,36,2.2,20.2,77.6,9.8,26.5,80.6,8.9,32.6,2,8.3,"(33.05021492780, -96.7486409797)"
CA,Lake Forest,639496,77264,8.4,16.7,18.7,23.4,68.2,5.5,8,4.3,66,78.5,70.7,4.4,41.9,34.5,11.4,73.1,7.8,31.8,2.2,14.7,80.3,10,20.8,84,9.8,31.1,2.1,9,"(33.66341289480, -117.670683341)"
CA,Redondo Beach,660018,66748,6.1,16,20.6,22.4,67.1,5.7,7.5,3.7,66.8,82.9,72.2,3.7,35.9,42.8,9.9,77,6.5,29.7,2,12.1,80.6,9.2,20.1,87,8.2,32.5,1.8,4.9,"(33.85752801590, -118.376567893)"
NC,Concord,3714100,79066,17.1,22.7,15.8,32.5,75,6,8.5,5.9,73.9,78.1,66.9,6.5,39.2,33.3,19.7,64.4,9.8,33.6,2.8,24,79.6,13.1,33.1,86,12.1,32.8,3.1,17.4,"(35.39393169580, -80.6352429349)"
CA,Roseville,662938,118788,7.7,20.3,19.7,26.6,70.9,6.7,8.5,5.2,64.9,78.7,72.9,5.2,39.2,34.9,12.5,71,7.8,33.1,2.5,16.3,79.7,10.8,21.3,84.6,10,31.1,2.5,9.4,"(38.76575161820, -121.302847708)"
TX,Tyler,4874144,96900,22.2,24.4,16.5,33.4,77.8,6.3,9.6,6.7,69.2,70.5,60.2,6.5,32.5,29.8,18.4,51.8,12.1,37,3.2,27.8,76.9,12.9,37.6,78.9,13,35,3.6,16.2,"(32.31540211830, -95.3050093799)"
NY,Buffalo,3611000,261310,13.4,28.5,18.5,36.1,75.8,5.8,12.7,7.1,75.9,72.8,58.5,8.5,29.8,27.8,24,58,13.3,34.7,3.4,32.2,82.7,15.5,36.4,85,15.8,42.4,4.2,22.8,"(42.90145182330, -78.8475237264)"
OK,Lawton,4041850,96867,18.7,23.2,14,32.6,71.5,5,10.2,5.8,67.8,65.6,56,7.1,40.2,28.1,22.5,56.8,10.1,33.9,2.8,30.4,76.7,15.4,30.8,81.7,13.4,34.8,3.1,19.4,"(34.61705648990, -98.4203934803)"
NY,Schenectady,3665508,66135,12.9,25.5,18.9,31.2,73.2,6,12.3,6.7,73.1,72.8,64.8,8.3,35.3,26.4,23.7,58.8,11,35.6,3,28.6,77.5,15.5,31.8,83.9,15,40.9,3.5,18.9,"(42.80252044140, -73.9275333869)"
TX,Laredo,4841464,236091,41.5,19.8,15.5,29.6,71.4,3.9,8.6,6.3,64.3,63.4,44.2,5.7,22.1,18.5,17.4,44.9,14.7,36,3.7,38.1,76.2,14.2,40.7,82.4,16,35.4,3.2,20.1,"(27.54825724750, -99.4867797312)"
SC,North Charleston,4550875,97471,21.3,24.5,18.4,34.2,74.8,4.9,10.2,5.7,64.2,69.6,63.3,7.2,38.4,30.8,22.2,51.7,12.3,35.6,3.1,28.9,79.4,16.4,35.2,82.1,14.7,39.1,3.7,20.5,"(32.91009150710, -80.0738525014)"
AZ,Glendale,427820,226721,17.4,23.8,16.4,28.2,70.7,5.5,10.4,5.8,64.9,71.6,59.4,6.5,32.9,29.3,18.9,59.9,10,36.1,3.1,25.7,79.1,14,29.8,NA,13.8,37.3,3.1,15.1,"(33.57961230890, -112.225306421)"
CA,Pleasanton,657792,70285,5.5,17.9,19.7,23.5,70.7,6.2,8,4.1,67.5,82.8,75,3.8,40.5,39.8,10.2,77.6,7.2,30.1,2.1,13,80,8.7,18.1,84.1,8.2,31.5,1.9,6,"(37.66560921710, -121.880775002)"
IN,Muncie,1851876,70085,14.1,24.7,16.2,31,73.7,5.5,11.5,6.7,66.6,61.9,60.6,8.4,33.6,27.8,24,55.8,10.5,37.4,3,28.9,74.2,16.9,35,77,13.9,36.3,3.4,21.7,"(40.19870983240, -85.3942940148)"
UT,West Valley City,4983470,129480,21.1,19.4,14.4,24.3,65.7,4.5,9.6,4.6,59.7,60.9,62.4,5.1,29.1,28.9,14.1,61.4,8.7,34,2.7,21.5,75.9,14.3,29.2,76.6,12.3,33.4,2.7,16.7,"(40.68876969620, -112.011667394)"
NJ,Clifton,3413690,84136,14.5,22.5,16.8,30.7,75.3,6.2,8.1,5.9,76.9,79.5,56.7,6,34.7,28.4,16.1,71.4,8.8,34.7,2.7,29.3,76.3,11.2,27.8,82.5,11.5,36.7,2.6,12.2,"(40.86312174250, -74.1575145342)"
CA,Perris,656700,68386,23.1,16.6,17.9,26.8,62.1,3.6,9.3,4.7,61.7,63.4,58.4,5.3,23.6,24.8,17.4,52,10.4,31.4,2.9,28.6,81.2,14.9,33,84.4,14.2,41.6,2.7,18.7,"(33.78973460940, -117.223291831)"
MA,Lowell,2537000,106519,11.7,22.3,16.4,28.3,75.2,5.1,10.9,5.6,72.6,71.1,61.5,6.6,28.2,26.1,20.1,57.1,9.7,34.8,2.7,26.7,81.9,15,26.2,79.5,12.9,36.7,2.9,23,"(42.63887273310, -71.3217143960)"
PA,Bethlehem,4206088,74982,12.4,27.7,18.7,31,77.2,6.7,10.1,6.7,71.1,71.8,62.9,6.6,39.4,32,18.2,62.2,10.1,34.6,2.9,27.2,78.3,13.2,31.4,81,12.5,37.1,3.1,15.6,"(40.62664025780, -75.3679048175)"
GA,Albany,1301052,77434,24.2,26.6,12.6,42.6,76.6,5.5,11,6.9,78.1,71.8,59.1,8.8,29.1,26.3,24,51.9,15.3,36.7,3.8,37.1,83.7,16.1,38.4,84.7,15.9,47.1,5,25.2,"(31.57760367660, -84.1763240815)"
TN,Murfreesboro,4751560,108755,14,21.3,17.2,28.4,72,4.8,10.1,4.8,67.4,72.7,63.7,6.5,33.9,32.4,21.6,60.1,8.1,32.7,2.3,23.9,77.7,14.1,29.7,84.6,11.7,37.8,2.4,15.2,"(35.85077819500, -86.4086282380)"
TX,Killeen,4839148,127921,22.1,17.9,19.6,28.3,68.8,3.8,9.7,4,69.3,66.1,57.9,4.8,30.9,29.6,20.5,58.5,9.1,31,2.3,26.5,77,13.6,35.9,82.5,11.2,39.9,2.3,15.4,"(31.07576481430, -97.7285651299)"
VA,Richmond,5167000,204214,16.7,22.1,17.4,33.2,77.5,5,10.1,5.6,73.4,71.9,63.4,6.4,31.5,33.6,20.1,62.2,11.8,33.1,3.1,26.3,84.1,13.8,32.6,83.8,12.3,38.7,3.7,18.9,"(37.52939330830, -77.4755681680)"
OK,Tulsa,4075000,391906,17.8,25.8,12.8,35.4,76.5,6.3,10.3,6.7,70.1,70.7,59.6,7.4,43,31.4,19.3,58.5,10.9,37.4,3.1,30.2,76,14.3,30.3,81.9,14.4,33.9,3.6,19.9,"(36.12842134250, -95.9036195464)"
CA,Garden Grove,629000,170883,15.5,17.3,13.9,27.2,70.4,4.7,8,5.3,64.9,71.1,60.2,5.3,34.4,29.2,14.5,58.4,11.5,35.9,2.8,23.7,77.1,11.9,21.1,77.6,12.5,35.7,2.6,12.9,"(33.77869406350, -117.960111162)"
CA,Santa Clarita,669088,176320,10,17.5,19.7,24.3,67.3,5.6,8.1,4.3,66.1,78.5,68.1,4.7,32.9,39.3,12.4,70.1,7.7,31.4,2.3,16,79.4,11.2,22.9,85.8,10.4,34.4,2.2,7.6,"(34.41190391850, -118.503504698)"
FL,Jacksonville,1235000,821784,20.3,22.3,18.9,33.3,76.1,5.9,8.3,6.3,75.2,75.8,62.9,7.6,33.5,28.9,20.4,57.4,11,35.5,2.9,28.2,79.9,13.8,31.3,83.4,13.4,38.2,3.4,18.4,"(30.33198201390, -81.6752266207)"
CA,Whittier,685292,85331,15.2,17.4,18.1,25.4,67.9,5.4,7.7,4.8,65.9,76,65,4.6,30.1,35,11.4,65.9,9.2,32.3,2.7,19.3,79.7,11.2,25,86.5,11.4,34.3,2.4,8.7,"(33.96782555960, -118.018796341)"
MI,Lansing,2646000,114297,13.8,29.4,20.1,31.1,73.6,5.6,11.8,6.4,71.1,70.5,63.5,8.2,37.4,27,23.4,65.8,11.1,36.6,3.1,25.9,80.9,15.4,38.1,84.7,14.9,39.9,3.4,15.1,"(42.70907117510, -84.5584470022)"
TX,Carrollton,4813024,119097,20,19.8,17.8,28,73.3,5.1,8.3,4.7,68.5,74,61.5,4.9,34.2,31.8,16.1,64.2,9.5,35.4,2.4,23.8,74.3,11.1,30.6,81,10.6,32,2.3,10.8,"(32.98843845900, -96.9001374330)"
IN,Fort Wayne,1825000,253691,13.4,25,17.8,32.2,76.5,6.2,10.9,6.9,65.2,71.5,61.2,7.5,28.1,27.6,21.8,65.1,11.1,37.2,3,25.7,71.9,13.4,34.8,80.1,13.5,32.8,3.4,17.7,"(41.08849204170, -85.1435898792)"
CO,Lakewood,843000,142980,11.7,24.4,19.5,24.9,70.8,6.8,9,5.5,62.8,75.2,64.1,5,34.3,37.9,16.2,67.7,7,33,2.6,15.2,76.2,10.7,24.2,82.5,10.8,27.1,2.7,9.7,"(39.69767344620, -105.116965444)"
GA,Macon,1349000,91351,24.9,29,11.8,44.8,79.3,5.8,11.2,7.9,79.4,72.7,57.9,10,27.7,26.8,25.7,49.7,17.3,39.2,4.3,39,82.2,16.4,43.1,83.9,17.5,43.6,5.8,29.1,"(32.83204176920, -83.6495823768)"
UT,Salt Lake City,4967000,186440,15.6,18.1,15.1,22.4,66.3,4.9,8.9,4.2,60.9,64.1,67.5,4.1,34.1,32.4,10.9,68.5,7.4,31.8,2.5,16.9,78.2,12.2,25.8,79.2,10.1,30.4,2.4,11.3,"(40.77784894650, -111.931220784)"
CA,San Bernardino,665000,209924,22.6,20.3,15.5,31.5,66.8,4.4,10.7,6.2,63.3,66.2,53.9,7.3,22.4,23.3,19.1,47.8,12.8,36,3.6,29.4,81.5,16.6,32.3,82.7,16.6,41.3,3.8,22.9,"(34.13923228440, -117.295272732)"
FL,Gainesville,1225175,124354,21,15.8,19,21.6,68.5,4,8.6,4.4,72.5,62.4,60,5.7,35.8,34,16.5,56.8,7.4,27.7,2.3,26,80.9,15.2,24.6,79.5,11.4,37,2.4,15,"(29.68170274310, -82.3452782660)"
CA,Los Angeles,644000,3792621,17.3,17.5,16.7,26.7,67.5,4.9,8.5,4.9,65,72.1,61.5,5.3,28.1,33.3,14,58.8,10.2,32.6,2.9,22.2,79.5,12.9,26.1,85,12.8,36.8,2.8,11.6,"(34.11822778980, -118.408500088)"
CA,Chino,613210,77983,15,16.1,19.3,25.7,64.6,4.2,8.8,4.3,63.5,73.3,62.7,4.6,27.4,29.3,14.2,63.1,8.9,32.2,2.4,20.2,81.8,12.2,25.5,83,11.2,38.2,2.2,12.4,"(33.98358812600, -117.665296584)"
OH,Canton,3912000,73007,13,31.4,15.7,36.8,79.6,6.5,11.3,8.3,75.4,70.9,56.3,10.5,32.8,23.4,27.9,57.5,14.2,36.4,3.7,35.6,76.1,16.9,40.1,82.3,17,42,4.6,23.2,"(40.80801926620, -81.3676594998)"
ND,Fargo,3825700,105549,9.5,18.3,24.9,24.1,74.7,5.3,8.8,4.6,61,67.2,65.3,4.3,41.5,36,16.6,72.4,6.6,32.5,2.2,17.7,79.1,9.9,32,81.9,8,27.3,2.2,11.1,"(46.86524578320, -96.8289882328)"
TX,Longview,4843888,80455,22.3,25.3,17.3,34.5,77.2,6.4,9.7,6.8,69.8,71.9,60.8,7.2,35.2,29.5,19.8,55.8,12.2,37.7,3.2,28.8,75.3,13.6,36.2,80.8,13.8,35.2,3.7,16.5,"(32.51928578560, -94.7621975980)"
NV,Sparks,3268400,90264,16.3,23.4,19.5,27.7,69.2,5.9,8.9,6.1,63.9,72.9,63,6.4,33.5,26.2,18.6,63.1,9.2,38,2.7,22.5,70.8,14.6,26,81.3,13.9,33.9,2.9,18.1,"(39.57337327600, -119.713134168)"
IN,Indianapolis,1836003,820445,14.6,23.8,18.6,29.9,75.7,5.7,10.9,6.4,67,70.8,62.1,7.4,32.9,26.9,24.1,57.6,11.9,37.2,3,27.1,74.9,14.1,32.9,78,13.1,36.4,3.6,20.9,"(39.77712210750, -86.1457821520)"
WV,Charleston,5414600,51400,8.8,35.2,12.5,39.5,80.7,7.3,10.8,8.9,80.6,81.1,70.3,10.3,47.8,39.7,21.8,62,13.5,37.1,3.3,25.3,80.7,14.5,37,86.2,15.6,39.6,3.7,21.7,"(38.34840797360, -81.6321650030)"
NJ,Newark,3451000,277140,23.7,22.5,13.6,35,73.4,4.2,10.8,6.4,78.9,69.1,50.5,7.6,24,22.5,22.9,56.3,13.4,33.4,3.5,41.7,81.5,15.8,36.4,85.6,16.7,49.4,4.1,22.2,"(40.72606934490, -74.1752997118)"
TX,Amarillo,4803000,190695,22.8,23.8,18.1,31.6,76.4,6.2,9.2,6.4,67.2,71.6,59.5,6.6,34.9,29.6,19.3,59,11,37.4,3,27.7,74.3,13,33.5,80,13.1,34.1,3.2,14.5,"(35.20038355440, -101.828292514)"
AL,Tuscaloosa,177256,90468,16.4,24.1,17.2,32.6,73.6,4.6,9.8,5.2,71.6,65.5,61.4,6.8,36,31.7,20.7,59.6,10.3,35,2.6,27,82.7,16.1,31.8,85,13.1,39,3.1,18.9,"(33.23360839510, -87.5268004073)"
GA,Columbus,1319000,189885,20.2,26.6,13.9,37.7,77.2,5.8,9.5,6.4,76.7,75.6,60.1,7.5,29.2,30.3,21.4,59.3,12.9,36.5,3.3,32.2,81.6,14,34.3,83.9,14.1,41.4,4,19.6,"(32.50996148520, -84.8770410586)"
CA,Victorville,682590,115903,17.8,19.6,17.1,30.5,66.7,4.6,10.2,5.7,64,69.8,58.2,6.6,24.5,25.7,18.2,53.5,11.3,34.6,3.2,25.3,81.5,15.1,30.7,83.4,14.6,40.7,3.3,19.5,"(34.52776911030, -117.353855136)"
WI,Waukesha,5584250,70718,10.6,22.1,24.9,26.1,72.2,5.9,8.7,5.1,67.3,74.5,66.5,5.1,31.8,32.9,17.2,73,7.7,34.3,2.4,18.2,78.3,11.5,28.9,83.2,10.4,33.4,2.4,11.5,"(43.00933322150, -88.2457679157)"
SD,Rapid City,4652980,67956,11.6,27.5,18.1,30.5,76.1,7,8.3,6.8,68.9,71.7,65.8,6.3,45.5,38.3,19.4,66.2,8.7,34.5,2.9,19.9,76.8,11.5,28,81.5,11.9,26.4,3.3,14.1,"(44.07050095640, -103.218361421)"
AZ,Surprise,471510,117517,11.8,27.2,16.2,31,76.2,7.7,9.6,6.6,68.9,79.6,70.1,6.2,39.1,36,15.6,69.1,9.6,38.1,3.1,20.9,78.9,11.2,26.7,NA,11.8,34.2,3,9.7,"(33.68038351770, -112.452218439)"
IL,Arlington Heights,1702154,75101,7.4,23.5,22.9,29.4,76.4,7.8,8.4,5.6,71.4,83.5,66.9,5.1,42,33.1,12.7,74.1,7.8,36.4,2.6,18,76.5,9,24.4,85.7,9.5,29.3,2.5,7.9,"(42.09562334200, -87.9825627457)"
MN,Rochester,2754880,106769,7.7,22.2,20.5,23,75.9,6.5,7.9,5,65,74.2,71.6,4.3,44.2,39.6,15.6,73.7,7.6,31,2.4,16.9,81.8,9.7,26.7,84.5,9,31.4,2.5,10.3,"(44.01505743840, -92.4775005494)"
TX,El Paso,4824000,649121,32.5,20.9,17.5,31.1,75.2,4.8,8.1,6.2,67.7,68.9,53.7,5.3,26.4,24.2,15.6,53.3,14.4,36.3,3.5,29.4,79.8,12.5,34.5,81.8,14.5,36.7,3.2,14.3,"(31.84811235060, -106.432021874)"
IL,Evanston,1724582,74486,8.5,18.9,23.5,26.1,73.2,5.8,8.8,4.3,69.9,76.7,66.4,4.2,39.5,31,12.3,71.1,7.2,32,2.3,17.5,79.1,9.6,25.1,86.2,8.5,31.1,2.2,8.4,"(42.04630996490, -87.6940348773)"
WI,Milwaukee,5553000,594833,17.9,23.1,23.1,34,72.3,5,11,5.8,71.7,69.7,61.7,6.6,24.5,26.2,22.4,58.7,11.9,34.4,3.2,27.7,81.1,15.4,37.2,84.8,14,39.2,3.7,20.2,"(43.06412589250, -87.9672412429)"
CA,Turlock,680812,68549,13.9,20.6,18.3,28.5,68.1,5.9,9.4,5.9,63.9,71.4,66.1,6.3,34.1,30.6,15.3,63,9.8,33.8,2.9,23.5,78.2,13.4,29.8,84.9,12.7,35.1,3,14.9,"(37.50521582710, -120.858762412)"
VA,Suffolk,5176432,84585,13.5,27,16.1,37.2,79.3,6.1,9.5,5.8,77.6,80,65.9,6.4,40.8,33.3,19.1,67.4,11.4,35.7,2.8,24.3,82.9,12.2,33.6,85.2,11.9,41.4,3.3,15.3,"(36.69303679810, -76.6414278469)"
AZ,Scottsdale,465000,217385,7.4,26.6,16.5,29.7,76.7,8.2,9,6.1,70.1,83.1,71.3,5.2,41.4,37.1,11.9,76,8.4,37.7,2.9,16.7,80.5,9.5,23.7,NA,10,31.4,2.7,7.2,"(33.68724936510, -111.865085877)"
OH,Toledo,3977000,287208,13.2,30.8,16.8,35.6,77.2,6,11.1,7.8,74.6,70.6,56.9,9.4,30.6,27.2,26.2,59.2,12.8,34.3,3.4,32.5,78,15.9,37.3,83.9,15.2,42.9,4.1,19.7,"(41.66373996040, -83.5823818449)"
MO,O'Fallon,2954074,79329,10.9,25.1,21.6,27,74.2,5.9,9.1,4.7,69.9,76.7,66.6,5.7,45.4,41,19.2,66.7,7.4,31.8,2.1,19.9,77.9,12,31.4,84.7,10.5,33.4,2.1,10.8,"(38.78522441610, -90.7176856736)"
CA,Santa Rosa,670098,167815,11.5,20.9,17.9,27.6,69.9,6.6,9.2,5.4,63.7,74.9,70.2,5.8,36.5,33.3,14.4,65.7,8.5,33.4,2.7,19.7,76.7,12.4,24,83.5,11.6,33.6,2.7,10.2,"(38.44644231020, -122.706005935)"
TN,Chattanooga,4714000,167674,16.3,30,12.8,40.1,80.1,6.3,10.7,7.4,72.7,76.4,65.2,9.1,31.2,27.5,23.3,58.5,13,37.8,3.4,29.4,79.8,14.8,33.7,84.7,15.5,39.7,4.2,18.5,"(35.06624721650, -85.2466771892)"
CA,Hemet,633182,78657,16.2,29.1,14.6,37.8,75.9,8.1,9.5,9.6,68.6,73.9,66.8,9,29.7,29,16.9,57,13.4,40.2,4.2,28.7,79,13.8,30.3,83.5,16.7,37.7,4.9,18.9,"(33.73522773110, -116.994605005)"
OR,Gresham,4131250,105594,13.9,22.4,19,27.1,71,6.1,10.3,6,60,68.2,64.1,6.7,33.4,26.4,20.4,64.6,9.1,36.1,2.9,18.1,73,14.2,25.2,80.5,12.7,32.4,3.1,17.1,"(45.50242567980, -122.441469029)"
TX,Bryan,4810912,76201,26.6,19.1,17.4,27.6,73.8,4.8,9.5,5.3,68,66.1,60.9,5.6,30.4,31.6,18.9,60.2,9.7,33.7,2.7,25.8,79.8,13.9,32.8,82.3,12.5,36.4,2.9,13.6,"(30.66656875820, -96.3663819223)"
WA,Tacoma,5370000,198397,12,25.5,16.5,32.1,69,6.1,10.6,5.9,63.3,70,64.8,6.5,37.8,33.1,18.2,62.1,9.7,38.4,2.9,20.4,77.3,13.7,32.6,NA,13.1,38,3.1,14.6,"(47.24254114450, -122.454473910)"
CA,Buena Park,608786,80530,13.9,17,15.2,25.7,69.7,4.9,8.1,5,65.4,73.4,63.4,5,37.3,31.4,13.4,62.8,10.3,33.9,2.7,20.9,78.5,11.4,21.8,80.1,11.8,34.2,2.5,10.9,"(33.85721268440, -118.004517591)"
FL,Palm Bay,1254000,103190,20.8,27.5,16.8,33.5,78.9,7,8.6,7.7,77.1,78,59.7,8.9,32,27.9,21.7,55.1,13.1,39.4,3.3,31.3,76.9,14.3,29.7,79,15.3,37.4,3.9,16.8,"(27.98382552490, -80.6666722846)"
CO,Boulder,807850,97385,9.1,15.5,22.7,17.5,63.5,4.6,8.4,3.3,54.2,64.7,65.7,3.5,41.5,37,12.6,69.9,4.2,25.5,1.9,10.1,71.8,10.8,14.9,82.1,8,24.2,1.7,7.9,"(40.02755104940, -105.251517760)"
VA,Alexandria,5101000,139966,12,18.4,19.2,26.1,73.3,5.1,8.1,3.8,71.1,79.5,72.4,3.9,44.2,40.5,13.5,71,7.2,30.2,2.1,17.1,82.9,10,25.2,86.7,8.5,31.9,2,9,"(38.81873515570, -77.0867762661)"
CA,Antioch,602252,102372,12.5,19.3,16.1,27.5,68.7,5.2,9.3,5,63.8,73.3,67.3,5.6,32.3,31.8,15.7,67.5,9.8,33.1,2.7,21.6,78.6,12.8,30,83.1,12.1,35.9,2.7,12.7,"(37.97770429220, -121.796606971)"
MA,Lynn,2537490,90329,13.6,24.5,16.6,29.5,74.8,5.6,11.5,6.6,76.6,73.3,62.6,7.2,26.1,22.4,20.7,63.1,11.7,35.5,3,26.9,78.2,15.2,28.3,83,14.2,39.7,3.3,20.9,"(42.47833228810, -70.9662372538)"
MO,Lee's Summit,2941348,91364,10.1,23.7,21.8,28.9,76.3,6.7,9.1,5.2,71.4,79.1,71.8,5.9,41.5,41.3,17.9,71.6,8.1,37.7,2.3,17.4,78.7,11.5,27.5,81.7,10.8,33.9,2.4,10.8,"(38.91705081280, -94.3814865856)"
MN,Duluth,2717000,86265,8.4,24.2,22.7,24.9,76,6.3,8.6,5.7,68.3,67.2,68.2,5.4,44.8,31.6,19.7,68,8,32.3,2.7,19.7,78.3,11.6,29.7,84.2,11.3,32.3,3,12.9,"(46.78547034270, -92.1342013763)"
WA,Everett,5322640,103019,12.4,23.8,17.1,28.6,67.7,5.6,10.1,5.6,58.2,68.1,60.3,6.6,33.8,29.8,18.3,60.2,8.6,35.9,2.8,19.8,72.4,12.9,31.4,NA,12.2,37.6,2.9,14.1,"(47.94979661890, -122.160703911)"
MN,St. Paul,2758000,285068,11.1,19.2,20.1,23.5,72.7,5,8.5,4.7,67,69.4,65,4.4,35.5,31.8,17.6,68.1,8.2,29.9,2.5,19.3,81.9,11.3,29.7,81.6,10.2,30.5,2.7,14,"(44.94774025580, -93.1039958305)"
GA,Roswell,1367284,88346,14.6,19,17.5,28.9,73.5,6.2,7.5,4.6,73.4,81.6,68.6,4.8,38.7,41.4,13.3,73,7.7,33.4,2.3,20.3,81.8,9.9,22.1,84.4,9.3,32.7,2.2,8.3,"(34.03913845830, -84.3512225277)"
VA,Chesapeake,5116000,222209,12.2,24.6,16.6,32.9,77.9,5.8,9,5.3,76.4,79.3,71.8,5.7,45,35.4,17.2,72.5,10.3,35.5,2.6,22.6,82.3,11.7,32.8,86,10.8,38.1,2.8,13,"(36.67775211180, -76.3024325925)"
CA,Livermore,641992,80968,8.2,18.7,21.5,23.8,68.9,6,8.8,4.5,65.5,79.1,72.6,4.7,38.1,37.1,13.4,72.4,7.5,29.9,2.3,15.2,79.3,10.7,21.3,84.6,9.9,32.7,2.1,8.1,"(37.68651013610, -121.764357841)"
CA,Carlsbad,611194,105328,6.1,19.2,21.3,26,71.4,6.9,7.8,4.9,67.2,81.8,75,4.4,33.6,37,10.5,78.3,7.4,32.8,2.4,13.4,81.9,9.8,18.5,87.5,8.9,30.1,2.3,6.2,"(33.12480510260, -117.282903303)"
PA,Pittsburgh,4261000,305704,9.3,27.4,22.8,30.7,77.7,5.8,10.7,5.9,71.9,71.1,61.7,6.5,46.1,37.7,20.1,58.9,9.7,34.9,2.8,22.5,79.4,13.5,30,81.7,12,39.4,3.3,17.1,"(40.43962974860, -79.9762614995)"
TX,Grand Prairie,4830464,175396,25.7,18.9,17.6,29,71.7,4.5,9,4.9,68.4,69.6,58.3,5.2,32,28.2,17.7,58,10.4,34.6,2.6,28.2,75.3,12.4,33.1,80.3,11.7,35.4,2.6,15.4,"(32.68676502380, -97.0209311916)"
TX,Allen,4801924,84246,12.4,18.4,19.4,24.2,70.7,5,7.9,3.7,69.5,78.4,65.1,3.8,38,38.3,13.8,69.3,7.3,33.7,1.9,19.1,77.7,10,27.3,81.6,8.6,33.3,1.8,8.1,"(33.10870432340, -96.6735373763)"
CO,Fort Collins,827425,143986,10,17,21.4,18.5,64.3,5,9.1,3.7,56.7,67.4,66.1,4.1,40.3,31.5,15.1,66.7,4.7,25.5,2,12.2,74.2,11.4,21.6,80.3,9.1,26.6,2,9.4,"(40.54877589240, -105.065904872)"
CA,Anaheim,602000,336265,17,16.7,16.3,25.2,67.2,4.7,8.4,4.9,63.8,70.3,63.5,5.2,36.7,30.2,14.2,60.4,10,33.4,2.7,21.7,78.8,12.3,24.1,81.9,12.5,34,2.5,12.3,"(33.83890769960, -117.857613481)"
CA,Pomona,658072,149058,21.6,16.4,16.6,25.9,65.3,4.1,8.6,4.8,63.3,68.1,56.9,5.2,23.8,29.6,14.7,54,10.7,32.5,2.9,24.9,79.2,13.9,27.9,84.4,13.7,37.9,2.8,13.5,"(34.05850263660, -117.762551658)"
FL,Boca Raton,1207300,84392,14.1,24.8,18.5,28.9,79.3,8.5,6.9,6.9,78.8,82.4,69.5,6.2,37.8,37.4,12.3,77.5,9.5,38.6,2.8,23.3,80.7,10.1,20.5,85.1,11.1,34.5,2.9,7.4,"(26.37490127150, -80.1078208861)"
PA,Philadelphia,4260000,1526006,13.9,25.7,21,32.9,76.4,5.4,11.6,6.3,73.7,71.2,61.9,7,39.2,27.8,22.5,54.7,12.2,34.6,3.3,27.1,80.6,15.3,29.3,81.3,14.6,42.2,3.9,19.1,"(40.00931478080, -75.1333888571)"
CT,Danbury,918430,80893,12,21,18.7,25.3,70.7,5.7,9.3,5,67.9,76.2,69.7,5.4,33.6,31.9,16.3,70.9,8.1,33.7,2.5,21.7,81.6,12.4,25.3,NA,11.5,36,2.4,9.8,"(41.40158986060, -73.4709386820)"
SC,Mount Pleasant,4548535,67843,8.8,23.9,22.2,28,76.6,6.9,7.9,4.9,64.1,82.4,75.3,4.8,53,42.3,13.2,74.2,7.9,35.5,2.3,16.6,79.1,10.7,24.8,83.9,9.5,29.5,2.2,7.4,"(32.85382745840, -79.8230343029)"
WA,Spokane Valley,5367167,89755,9.6,25.5,18.1,30.2,71.9,7.2,10.7,6.5,63.6,73,66.8,7.4,37.3,34.9,18.6,63.9,9.6,37.9,3,19,79.4,13,30.1,NA,13.1,31.8,3.2,15.8,"(47.66255657400, -117.234571922)"
HI,Honolulu,15003,953207,10.1,20,17.7,31.5,75.4,5.5,9.5,5,71.7,71.4,67.5,4.1,31.4,30.4,13.7,72.3,10.3,36,2.9,21.6,80.3,9.6,22.8,81.5,9.4,46.9,2.5,6.8,"(21.45880393050, -157.973296737)"
TX,Missouri City,4848804,67358,15.7,20.4,16.1,32.1,78.3,5.3,8.6,4.6,73.3,79.1,65.4,4.3,34.6,35.1,13.8,67.8,11.2,35.5,2.5,22.1,80.2,9.8,32,82.1,9.8,35.4,2.5,9,"(29.56367466100, -95.5382066661)"
DC,Washington,1150000,601723,7.8,18,24.3,28.2,74.7,4.8,10.1,4.3,78.6,77.2,67.4,5.1,31.7,27.8,17.3,74.7,8.9,30.9,2.6,17.2,82.1,11,25.2,87.3,9,36.4,3,14.4,"(38.90992414260, -77.0147205666)"
TX,San Angelo,4864472,93200,23.4,22.6,18.1,29.9,76.7,6,8.8,6.3,67,69.6,59.5,6.1,35,31.1,17.4,58.9,11.1,37.5,2.9,27,74.6,12.2,30.9,80,12.5,34,3,14,"(31.44046874600, -100.452243142)"
CA,Tustin,680854,75540,12.7,15.3,16.8,23.1,66.4,4.7,8,4.2,64.4,73.3,67,4.4,39.9,33.2,12.5,66.4,8.4,31.5,2.3,18,79.6,10.9,21.6,82.7,10.5,33,2.1,9.7,"(33.73085203260, -117.810730968)"
OH,Parma,3961000,81601,9.1,28.6,18.5,32.5,80.7,7.6,9.3,7.5,73.3,77,64.3,8.1,38.7,32.8,22.5,70.1,9.7,35.3,2.9,24.8,74.6,12.3,27.4,81.1,12.4,34,3.3,16.5,"(41.38423998380, -81.7285991530)"
RI,Warwick,4474300,82672,7.1,31.5,17.9,35,81.2,7.6,11.3,6.5,82,83,70.9,7.5,38,34.1,18.8,72.7,9.4,36.3,2.7,22.4,82.9,12.8,28.7,NA,12.6,35.7,2.9,11.8,"(41.70647273010, -71.4345615049)"
AZ,Phoenix,455000,1445632,18.9,22.6,16.5,27.5,69.2,5.2,10.3,5.5,64.3,70.7,59.7,6.1,33.7,30.3,18.6,59.3,9.8,35.4,3.1,25.6,79.5,13.9,30.1,NA,13.6,37.3,2.9,14.3,"(33.57241386950, -112.088995222)"
UT,West Jordan,4982950,103712,13.8,16.7,17.1,20,62.4,4.4,9,3.3,59.8,65.7,67.8,3.8,34,34.1,12,71.4,6.1,29.9,2,15.5,77.5,12.4,25.9,78.9,9.4,31.4,1.8,10.1,"(40.60225986350, -112.000961848)"
CA,Milpitas,647766,66790,9.2,13.1,13.1,22.2,68.3,4.2,6.7,3.7,64.5,76.3,68.2,3.1,33.6,34.1,10.1,70.2,8.8,30.4,2,20.3,78.5,8.6,16,77.5,8.1,34.2,1.7,7.3,"(37.43386976300, -121.892083025)"
CO,Colorado Springs,816000,416427,11.4,24.1,16.3,24.6,69.5,6.1,9.5,5,62,73.7,65.8,5,34.7,29,16.3,66.8,7.1,33.4,2.5,16.6,73.5,11.6,24.1,82.2,11.2,30.3,2.6,11.6,"(38.86727480770, -104.760664479)"
FL,Port St. Lucie,1258715,164603,21.2,25.2,17.1,32.3,77.8,6.9,8.2,7.7,76.9,78.1,66.4,8.3,31.3,34.6,20.2,63.4,11.8,36.7,3.2,31.4,81.2,12.8,30.6,83.6,14.4,37,3.7,15.1,"(27.28086803080, -80.3832154574)"
IL,Bolingbrook,1707133,73366,12.3,19.6,19.8,27.4,71.6,4.7,9,4.3,67.9,74.8,60.7,4.8,32.5,27.9,16.9,63.9,8.8,32.5,2.3,24.1,77,10.7,34.7,83.7,10.6,34.6,2.2,14,"(41.69116539080, -88.1011218035)"
CA,Huntington Beach,636000,189992,8.2,18.9,18.1,25.8,71,6.4,8.2,5.1,67,79.2,72.1,5,43.7,36.5,12.1,72.5,8.5,33.8,2.5,15.2,79.7,10.3,21.1,83.6,10.4,30.7,2.4,7.7,"(33.69527490770, -118.001810806)"
FL,St. Petersburg,1263000,244769,18.3,25.1,18.9,32.5,77.9,7,8.1,7.1,76.9,78.7,64.3,7.8,34,33.9,20.3,60.4,10.8,34.6,3.1,27.8,78.2,13,29.4,79.2,13.3,39.8,3.7,16.1,"(27.79289497100, -82.6650743239)"
MI,Warren,2684000,134056,12.6,33.4,18.6,35.6,77.3,7.6,11.4,8,72.2,76.2,61.7,9.9,27.8,29.5,25.7,63.5,11.6,40.3,3.4,27.4,77.1,15.3,34,82.9,16,39.1,3.9,14.9,"(42.49342330340, -83.0270075248)"
CA,Fontana,624680,196069,19.3,15.9,18.2,26.3,63.4,3.8,9.3,4.4,62.7,69.4,58.5,4.9,24.4,26.3,15.2,57.5,9.8,32.3,2.7,23.6,82,13.6,28.2,83.3,12.6,39.5,2.4,16.4,"(34.09742278330, -117.459241285)"
NY,New Rochelle,3650617,77062,12.3,24.4,18,28.7,75.3,6.4,10.4,5.9,72.5,78.8,68.5,5.9,37,32.6,14.1,67.7,9.8,36.8,2.8,25.7,78.8,10.9,23.8,83.5,11.5,34.9,2.9,13.9,"(40.93217131410, -73.7843883178)"
MA,Fall River,2523000,88857,11.2,31.3,16.4,34.3,78.6,7.1,13,8.1,78,74.8,66.6,10.6,31.4,22.9,27.2,58.6,11.2,39.6,3.4,30.6,82.5,18.2,30.6,82.5,16.5,39.7,4.1,27,"(41.71399075980, -71.0996396919)"
MO,St. Joseph,2964550,76780,16.3,29.3,18.6,33.9,77.5,6.8,10.1,7.1,69.8,71.3,56.7,8.9,37.3,33.5,26.7,51.6,10.9,39.6,3,30.1,74.4,15,40.9,80.9,16,34.8,3.5,19.8,"(39.75983121790, -94.8209246813)"
IL,Elgin,1723074,108188,17.8,21.1,20.2,27.4,71.8,5.1,9.1,5.2,66.2,71.7,57.3,5.7,29.8,31.8,18,63.3,9.6,35.1,2.7,25.6,77.6,12.1,33.1,84.1,12.3,34.4,2.6,14.3,"(42.03854024720, -88.3224947104)"
OR,Medford,4147000,74907,13.2,27.6,18.1,30.4,73.5,7.4,10.9,7.5,63.3,70.1,63.5,8.1,32.9,28.6,21.2,59.8,10.3,38.6,3.3,18.8,74.1,14.4,28.1,80.6,13.8,33.7,3.8,15.9,"(42.33719875840, -122.853625909)"
CA,Union City,681204,69516,10.3,16,15.5,25,71.8,4.7,7.5,4.2,66.4,75.6,67.4,3.7,32.1,32.7,11.9,66.7,9.7,31.4,2.3,19.3,77.9,9.6,17.1,78,9.1,36.5,2.1,8.6,"(37.60283908120, -122.018966106)"
CA,Temecula,678120,100097,9.2,17.6,21,24.8,66,5.2,8.3,4.2,65.1,76.3,70.9,4.4,35.3,36.6,13.5,71.3,7.4,30.5,2.2,17.5,81.2,11.1,25,84.8,9.9,37.1,2,8.9,"(33.50299808840, -117.122390280)"
TX,Corpus Christi,4817000,305215,27.4,23.9,18.1,32.5,76.7,5.4,8.6,6.5,69.8,72.3,60.4,6,31.5,29.8,16.7,56.9,14.4,38.2,3.2,30,79.8,12.2,37.2,82.3,14.1,33.9,3.1,15.1,"(27.72915883370, -97.4019095379)"
TX,McAllen,4845384,129877,34.5,19,14.5,30.4,75.1,4.6,7.7,6.2,64.5,69.3,54.3,5.4,29.5,26,13.9,54.1,12.8,38.1,3.5,27.9,78.2,12,31.4,81.7,13.3,32.5,3.1,13.6,"(26.21862899420, -98.2451704536)"
TX,Lubbock,4845000,229573,22.7,21.1,18.6,29.6,72.8,5.2,9.2,5.5,66.6,66.7,60.6,5.7,31.3,28.1,17.9,52.2,9.7,36.7,2.7,27.5,76.8,13.1,35.2,79.5,11.8,35,2.8,14.4,"(33.56662511780, -101.886335663)"
MI,Westland,2686000,84094,11.6,30.1,21.6,33.6,75.5,7.3,11.1,7,71.4,76.9,66.4,8.9,33.2,32,22.9,69.1,9.6,38,3,23.9,78.9,14.4,32.8,83.3,13.9,40.1,3.4,13.1,"(42.31922204550, -83.3805461719)"
IL,Chicago,1714000,2695598,16.4,20.7,21.5,31.5,73.2,5,9.9,5.3,69.4,72.7,56.9,5.8,30.9,24.6,17.6,57.5,10.9,34,3.1,26.4,78.5,12.2,33,86,12.4,36,3.3,16.7,"(41.83729506150, -87.6862308732)"
CA,Torrance,680000,145438,7.6,17.8,15.8,26.3,72.2,6.2,7.1,4.6,69,82.2,68.3,4.1,33.3,39.9,9.7,72.7,8.7,33.5,2.4,15.8,79,9,18.4,83.1,9,34.4,2.2,6.2,"(33.83459854640, -118.341641983)"
KS,Kansas City,2036000,145786,25.2,23.5,14.3,35,75.2,5.5,10.7,6.8,65.7,66.9,54.6,7.9,29.3,23.8,25.1,51.9,12.9,38.9,3.4,35.3,73.9,13.6,43.6,78.7,13.6,37,4,21.8,"(39.12346214090, -94.7441921112)"
MS,Gulfport,2829700,67793,20,29.1,12.6,40.8,77.8,5.8,9.2,7.4,72.4,71.6,54.4,7.9,33.2,29.8,24,55.1,12.6,36.6,3.4,30.2,73.7,15,39.1,84.2,14.6,38.2,4.1,22.6,"(30.42737700800, -89.0701908439)"
LA,Lafayette,2240735,120623,14.5,24.4,18.4,35.4,79,5.8,9.2,6.5,70.4,72,63.4,7,30,28.9,21.7,58.5,10.7,35.8,2.9,26.7,79.7,13.7,32.6,82.9,12.9,37.2,3.4,17.1,"(30.21205828150, -92.0317532321)"
CO,Aurora,804000,325078,15.8,21.5,17.6,26.9,68.4,5.1,9.2,4.7,58.7,71.7,60.2,5.1,35.3,33.2,18.6,62.8,7.5,31.3,2.6,19.4,73.3,12.1,25.5,81.7,10.9,31.8,2.7,13.8,"(39.70915947810, -104.726526621)"
VA,Lynchburg,5147672,75568,14.6,23.7,15.6,31.3,77.5,5.9,9.7,6.1,73.6,71,64,6.7,36.4,32.6,19,66.2,10.4,35.4,2.9,24.7,81.7,13.7,29.9,84.4,12.2,36.4,3.4,16.7,"(37.40041630160, -79.1911081000)"
NE,Omaha,3137000,408958,16.2,22.7,21.7,29.4,76.6,5.8,8.6,5.7,65.2,69.6,63.2,6,41.2,35,19.6,67,8.9,35,2.8,24.5,76.5,11.1,33.2,80.1,10.8,31.7,3,15.7,"(41.26423091110, -96.0415076441)"
MA,Quincy,2555745,92271,7.1,23.6,17.4,29.4,77.5,6.1,9.8,5.6,77.2,77.9,66.1,5.6,29.4,29.3,15.9,70.3,8.6,33.8,2.5,20.4,81.5,11.8,24.1,80.7,10.4,34.2,2.6,14.3,"(42.24929819180, -71.0218764062)"
NY,Albany,3601000,97856,11,22.9,18.5,28.9,72.8,5.3,11.9,5.4,74.3,70.5,68.4,6.3,36.8,32,19.5,63.7,9.4,32.1,2.6,24.6,80.8,13.4,31,84.6,11.6,37.7,3,14.5,"(42.66639696040, -73.7986826267)"
MI,Farmington Hills,2627440,79740,7.3,27.9,17.9,32,77,7.8,9.4,6.1,73.3,82.4,70.4,6,36.7,31.1,14.9,79.5,8.9,38.8,2.7,18.8,78.8,10.2,24.3,86.5,10.7,33.2,2.8,8,"(42.48599569920, -83.3771159714)"
CO,Loveland,846465,66859,9.9,23.7,19,24.9,71.5,7.2,8.9,5.5,61.1,76.6,66.9,5.3,40.3,32.1,15.7,68,6.5,30.6,2.6,14,72.7,10.6,23.4,80.6,11,26.7,2.8,9.9,"(40.41656937580, -105.061758435)"
CA,Hawthorne,632548,84293,18.4,16.8,16.4,27.8,66.1,4.1,9.3,4.5,66.1,70.8,59.3,5.2,24.4,30.5,15.4,55.3,10.7,31.2,2.9,23.5,80.5,13.8,29.8,85.8,13.1,39.9,2.9,12.9,"(33.91466770100, -118.347667728)"
TX,Irving,4837000,216290,25.4,17.6,17.7,27,69.8,4.3,8.5,4.8,67.1,67.6,57.1,5,31.6,27.9,16.6,58.8,9.4,33.9,2.5,26.8,73.6,12.1,30.6,79.8,11.1,33.7,2.5,15.8,"(32.85838081310, -96.9703058323)"
AZ,Tempe,473000,161719,12.4,17.8,19.3,21.6,65.6,4.5,9.9,4,63.1,67,64.7,4.6,37,33,15.8,65.8,6.6,30.5,2.3,19,80.4,12.9,24.7,NA,9.9,35,2,10,"(33.38826403070, -111.931802302)"
WA,Yakima,5380010,91067,20.7,25.5,15.4,30,70.4,6.3,10.6,7.1,58.6,64.8,58.9,7.8,31.3,28.6,18.8,57.4,11,37.9,3.6,24.7,73.9,14.9,33.9,NA,15.5,33.3,3.8,17.6,"(46.59257920920, -120.547807614)"
FL,Coral Springs,1214400,121096,18.8,19,19.1,27.3,72.5,5.5,7.6,4.9,75.4,78.9,61.4,5.7,33.9,29.6,15.6,66.6,9.1,34.4,2.4,24.3,82.7,12.2,25.6,81.5,11.3,36.6,2.5,12.2,"(26.27017001580, -80.2592221493)"
MI,Ann Arbor,2603000,113934,9,18.3,23,19.1,68.1,4.6,9.8,3.6,66.1,66.4,73.4,4.4,38.6,41.2,13.2,75.5,5.7,29.3,1.9,15.7,84.1,12.3,23.4,83.6,7.9,31.1,1.7,6.6,"(42.27568335670, -83.7311374448)"
CT,Stamford,973000,122643,10,20.8,18.1,26,72.8,6.2,8.6,4.9,70,79.8,72.7,4.6,35.3,33.4,13,74.8,8.1,33.3,2.5,19.2,83.1,10.4,24.4,NA,10,34.6,2.4,7.8,"(41.10491450130, -73.5589363142)"
CT,Norwalk,955990,85603,10.1,21.7,18.2,26.5,72.9,6.2,8.9,5.1,70.1,80.4,72.2,4.9,34.7,33.8,14,74.3,8.4,33.8,2.5,19.8,82.8,10.9,25.5,NA,10.6,35,2.5,8,"(41.11756316820, -73.4224513123)"
AZ,Yuma,485540,93064,21.6,22.5,15.7,30.6,70.8,5.6,9.9,6.9,64.7,69,53.1,7.1,31.4,26.3,17.6,55.8,11.5,36.9,3.3,27.4,78.5,13.9,35.2,NA,15.3,31.3,3.3,17.7,"(32.59860271170, -114.548368370)"
OR,Salem,4164900,154637,13.6,25.5,16.6,29.2,70.1,6.5,10.4,6.2,60.7,69.1,64.4,6.8,34,30.9,18.6,65.5,9,34.4,2.9,19.1,76.7,14.2,34,81.1,13,32.6,3.1,15,"(44.92327315400, -123.024867100)"
CA,El Monte,622230,113475,24.4,17.2,14,28,67.6,4,8.2,5.4,62.9,66.8,51.3,5.5,21,26.8,15.6,48.1,12.7,35.9,3.2,29.5,76.6,14.1,25.9,80.6,14.8,39.5,3,15.2,"(34.07391965300, -118.029071951)"
TX,Pharr,4857200,70400,43.8,19.6,13.6,31.6,73.8,4.4,8.3,6.7,62.7,63.2,49.9,6.2,27.8,24.9,16.5,45.3,14,39.6,3.9,33.2,77,14.2,34.3,80.6,15.5,34.2,3.5,16.4,"(26.16881539900, -98.1904720704)"
CA,West Covina,684200,106098,14.1,16.7,15.7,26.3,70.2,5,7.3,4.6,66.9,76.2,63,4.2,28,34.5,11,64.7,10.1,33.4,2.6,20.3,78.8,10.4,21.9,83,10.7,36.1,2.4,8.7,"(34.05544151740, -117.911282060)"
CA,Santa Clara,669084,116468,8.2,13.6,15.9,20.3,66,4.8,7.3,3.7,63.6,76.1,72.1,3.3,37.2,35.2,9.8,73.4,7.1,27.8,2,17.1,80,9,17.9,82,7.9,31.5,1.7,7.5,"(37.36461975040, -121.967932117)"
TX,Odessa,4853388,99940,26.9,21.7,18.2,30.7,74.7,5.4,8.8,5.9,67.5,69.5,55.8,5.8,30.9,26.9,17.8,53.4,11.2,35.6,2.9,31.6,74.5,12.4,34.6,79.5,12.5,32.8,2.9,15.1,"(31.87945646100, -102.344465435)"
NV,North Las Vegas,3251800,216961,22.4,20.2,16.5,25.7,68.3,4.5,9.1,5.5,67.2,67.1,53.8,6.7,29.6,25,21.1,54.2,11.3,32.5,2.9,27.8,74.4,15.8,29,79.8,14.4,43.1,3,18.2,"(36.28919935620, -115.088496088)"
CA,Baldwin Park,603666,75390,22.7,15.6,16.2,25.8,65.7,3.9,7.9,4.6,63,68.4,55.3,4.6,22.4,28.5,13.5,54.3,11.1,33.7,2.8,25.7,78.1,12.9,26.3,83.1,13.2,37.7,2.5,12,"(34.08287151900, -117.972100918)"
CO,Thornton,877290,118772,14.8,19.3,20.2,22,63.8,4.7,9.2,3.9,58.5,72.1,63,4.4,36.9,31.3,19.8,64.1,6.3,29.7,2.2,18.3,72.7,11.6,26.2,84.1,10.5,31.5,2.1,13.4,"(39.91939941880, -104.944956758)"
CA,Salinas,664224,150441,24.9,16.3,16.5,25.5,65.2,4.2,9.2,5.2,60.4,63.9,53.9,5.7,27.3,24,16.7,52.4,10.7,33.9,3,28.1,75.8,14.5,30.8,82.9,14.1,35.2,2.8,16.6,"(36.68891743210, -121.631811961)"
CO,Longmont,845970,86270,12.4,21.9,20,24.2,69.3,6.1,8.5,5,57.4,73.7,61.8,5.1,38.6,35.4,15,67.3,6.6,30.8,2.5,13.6,69.6,10.8,18.2,82.3,11,26,2.5,10.9,"(40.16951647080, -105.101951060)"
MD,Baltimore,2404000,620961,12.8,26.5,16.8,38.1,78.3,5.5,12.3,6.4,76.5,75.4,64.6,7.2,34.9,32.8,21.9,55,13.2,34.7,3.3,28.6,83.9,13.9,35.3,NA,12.3,43,4.2,19.6,"(39.30845239910, -76.6160492311)"
CA,Vista,682996,93834,16.1,17.5,21,25.5,66.2,5,8.7,5,62.3,68.6,65.5,5.5,27.2,30.1,15.5,63.1,8.8,32.4,2.7,20.9,80.1,13.8,23.1,85.4,12.1,34.5,2.6,12.5,"(33.18954819780, -117.238607217)"
CA,South Gate,673080,94396,27.8,16.2,16.5,25.6,63,3.7,8.7,5,61.4,65.7,52.9,5.3,20.9,25.9,15,49.6,11.6,33.4,3.2,28.1,78.9,14.8,30.5,85.2,15.3,37.8,2.7,14.3,"(33.94473226640, -118.192550525)"
AL,Huntsville,137000,180105,15.3,29.2,14.1,36.8,79,6.4,9.5,6.7,69.6,76.8,71.7,7.6,46.4,39.5,18.5,61.2,12.2,38.9,3,26,80.2,13.3,32.6,82.9,13.2,37.8,3.4,14.2,"(34.69896926710, -86.6387042882)"
AL,Birmingham,107000,212237,19.2,29.3,13.2,43.8,81.3,5.6,10.5,7.5,76.9,74.8,64.1,8.8,32.9,26,22.3,52.6,16.7,39.2,3.8,35.6,83.6,15.2,41.7,85,16.3,41.5,5,22.8,"(33.52756637730, -86.7988174678)"
AL,Hoover,135896,81619,10.3,24,17.8,30.7,77.7,6.6,7.9,5.2,73,82.1,74,5.3,46.3,38.6,14.1,74.5,8.3,35.9,2.3,20.4,81,10.4,29.2,85.5,9.9,32.9,2.2,8.3,"(33.37676027290, -86.8051937568)"
CA,Daly City,617918,101123,10.4,15.9,13.2,27.2,72.9,4.9,7,4.4,65.4,75.4,64.9,3.6,32.8,33.7,10.8,69.6,10,32.2,2.4,20,79,9.1,18.5,76.2,8.8,34.7,2.1,8.3,"(37.68615522760, -122.468298024)"
IL,Naperville,1751622,141853,6.4,20.9,21.3,25.5,74.7,5.9,8.1,4.2,68.6,81.6,68,4,37.5,32.2,12.3,75.2,6.9,33.1,2.1,16.9,79.1,8.6,27.2,85.2,8.7,30.1,1.8,7.4,"(41.74820011450, -88.1657705099)"
FL,Lauderhill,1239550,66887,26.7,24.8,13.7,39.9,77.5,5.8,9.9,7.2,80.7,75.3,56.7,8.5,26.1,23.2,21.7,50.1,15.4,37.1,3.8,35.5,84.4,15.6,35.3,82.1,16.1,44.3,5,22.7,"(26.16055841870, -80.2241278263)"
LA,New Orleans,2255000,343829,16.1,24.4,19.5,38,80.6,5.2,9.4,6.2,72.1,73.1,62.8,6.8,26.1,27.5,20.6,56.4,13,35.5,3.3,26.8,81.6,13.3,33.8,85.9,12.7,40.7,4.1,18.8,"(30.06870099350, -89.9316317895)"
RI,Cranston,4419180,80387,9,26.3,16.8,31.8,79,7.3,11.3,6.5,81.9,80.8,70.6,7,41.8,33.5,16.7,74.8,9.4,34.4,2.6,25.7,83.5,13,26,NA,12.5,37.8,2.8,11.4,"(41.76580171350, -71.4861485002)"
IN,Lafayette,1840788,67140,13.9,24.5,16.5,28.8,73.9,5.9,10.8,6.3,64.1,68.8,62.8,7.3,33.7,26.3,21.9,58.8,9.4,36.7,2.8,26.4,75.9,14.4,32.2,78,12.9,34.3,3.1,18.4,"(40.39942852850, -86.8617007404)"
IA,Iowa City,1938595,67862,8.1,15.9,24.1,19.3,68.5,4.2,8.3,3.6,66.8,60.5,68.3,4,46.1,36.4,15.4,70.6,5.4,28.3,1.9,18.8,78.5,12.2,25.3,82.4,7.8,27.1,1.8,10.1,"(41.65589503320, -91.5308854927)"
MA,Cambridge,2511000,105162,6.1,15.3,20.6,20.4,70.8,4.3,9.7,3.2,72.3,73,73.3,3.4,34.6,32.3,12,72.2,5.4,26.7,1.7,15.1,85.4,10.9,20.5,83.9,7.2,31.9,1.6,11,"(42.37581880510, -71.1183992378)"
NM,Las Cruces,3539380,97618,13.9,23.9,17,28.1,74.4,5.7,10.3,6.2,61.1,68.1,60.1,5.8,29.4,29.7,15.4,65.3,10.9,33,3.2,19.9,75.8,12.5,28.8,84.4,13.4,31.5,3.1,15.9,"(32.32663879700, -106.789465579)"
TX,Beaumont,4807000,118296,22.2,25,15.3,36.5,78.5,5.7,9.9,6.5,72.5,71.4,60.1,6.6,30.8,26,19.9,53.9,13.7,37.7,3.3,30.3,78.2,13.2,39.1,82,13.5,37.7,4,17.8,"(30.08441664700, -94.1441072222)"
MA,Brockton,2509000,93810,11.2,28.3,17.2,36,77.8,6,12.9,6.9,77.9,74.7,67.1,8.4,25.6,26.4,24.8,57.6,12.6,35.5,3.1,29.8,84,16.6,32,84.9,15.5,44.3,3.7,21.7,"(42.08207137200, -71.0241656338)"
TX,Denton,4819972,113383,19.7,17.6,19.5,24.4,69.2,4.6,9.1,4.2,66.1,64.3,63.8,4.8,35.6,32.1,17.8,61.1,7.5,31.9,2.2,22.2,74.5,13,31.1,81.2,10.1,31,2.1,11.2,"(33.21561604430, -97.1412438684)"
UT,Orem,4957300,88328,13.7,17.9,9.2,20.6,65.8,5,8.8,4.1,54.9,59.4,67.6,4.3,32.9,28.1,8.6,71.5,7.1,31.3,2.3,14.4,74.9,12.2,25.6,75.9,9.4,30.4,2.2,11.7,"(40.29871276250, -111.699188517)"
LA,Baton Rouge,2205000,229493,16.3,22.1,16.8,36.9,78.3,5.2,9.4,6.4,72.5,70.6,64.9,6.8,26.7,29.2,19.9,55.3,12.5,35,3.1,29.3,81,14,33.8,85,12.8,37.9,3.7,17.2,"(30.45108916790, -91.1263551997)"
UT,Ogden,4955980,82825,19.6,23.1,12.9,27.4,66.5,5.3,9.6,5.5,61.1,60.1,63,5.7,28.9,30,13.9,64.8,9.5,36.3,2.9,26.2,73.8,14.5,36.1,77,13.8,34.2,3,17,"(41.22815675350, -111.967450557)"
AK,Anchorage,203000,291826,12.5,19.8,19.4,26.8,63.7,5.1,9.3,4.5,56.9,68.8,62.2,5,39.6,33.3,18,65.2,7.6,34.8,2.2,17.5,71.3,11.4,27.6,79,10.6,31.3,2.3,12.9,"(61.14986873100, -149.111113424)"
WI,Kenosha,5539225,99218,13.9,23.4,24.4,28.8,72.7,5.9,9.6,6.1,69.5,72.3,67.9,6.3,29.9,29.7,20.7,64.7,9.2,34.6,2.8,22.6,79.7,13.2,32.3,85.1,12.3,34.8,3,15.3,"(42.58557027100, -87.8735745085)"
CA,Corona,616350,152374,13.6,17.3,19.6,25.4,65.5,4.7,8.3,4.5,64.2,73.2,67.5,4.7,31.1,32.1,14.2,65.4,8.6,30.9,2.5,21.2,81.2,11.9,27.1,84.4,11.2,38.4,2.3,12.1,"(33.86235717870, -117.564224471)"
CA,Redwood City,660102,76815,11.9,17.1,17.9,25.3,67.9,5.6,8.2,4.4,63.4,76.1,69.7,4.4,37.6,36.3,12.2,71.7,8,29.6,2.4,17.4,81.2,10.6,25,84.2,9.8,31.7,2.1,8.4,"(37.50091452760, -122.224767617)"
CA,Merced,646898,78958,19.4,19.7,16.1,28.6,68.1,4.8,9.8,6.1,62.1,65.8,61,7,27.5,24.1,17.8,51.9,11.8,33.3,3.4,28.2,79.5,15.6,28.4,81.9,15.1,37.6,3.4,19.3,"(37.30558632170, -120.477710571)"
CA,Compton,615044,96455,24.3,18.6,15.4,31.2,68.1,4,10.2,5.3,65.9,66.7,55.8,6.2,19.4,26,17.4,47.7,13,32.9,3.4,28.2,81.2,15.7,33.8,86.1,15.8,41.5,3.8,19.8,"(33.89296569300, -118.227506568)"
NJ,Union City,3474630,66455,29.1,19.7,15.2,30.5,72.6,4.3,8.4,6.2,73.9,69.2,44.9,6.2,22,18.7,18.4,56.4,11.5,34.9,3.4,42.6,75.5,13.8,34.1,81.3,15.9,42.3,3,15.3,"(40.76746068840, -74.0322935070)"
GA,Sandy Springs,1368516,93853,14.2,17.6,17.5,27.9,72,5.8,7.7,4.3,73.4,79.6,68.6,4.5,38.7,39.9,13.2,71.9,7.2,31.3,2.2,19.8,82.2,9.9,22,84.7,8.7,33.4,2.1,8.7,"(33.93666698670, -84.3703197084)"
WA,Vancouver,5374060,161791,10.9,25.5,16.6,29.1,68.5,6.4,10.2,5.9,61.8,71.2,68.3,6.6,36,33.2,17.5,66.3,9.6,36.6,2.9,18.8,76.4,13.1,31.1,NA,12.8,32.4,3,13.7,"(45.63571723650, -122.598539476)"
MA,Newton,2545560,85146,4.2,21.9,18.2,26.4,79.5,7,9.3,4.7,76.9,83.1,75.4,4,37.6,34.7,9.8,79,6.9,33.6,2.1,14.5,84.8,9.2,20,84.8,7.9,29,2,8.9,"(42.33165676160, -71.2084466944)"
KY,Lexington,2146027,295803,7.8,25.3,18.4,32.6,76.4,5.6,11.3,6.3,74.8,72.2,70,7.8,42.6,36.8,20.5,65,9.6,33.3,2.6,24.8,80.7,13.3,32.4,85.3,13,39.3,2.8,15.9,"(38.04232540220, -84.4587259608)"
UT,Provo,4962470,112488,15.7,12.8,9.1,15.6,55.4,3.3,9.6,2.8,51.2,45.7,66.8,3.8,33.7,28.5,9.4,65.3,5.1,26.6,1.9,14.8,75.1,15.2,24.8,73,8.8,30.9,1.6,10.8,"(40.24571852880, -111.645715857)"
SC,Charleston,4513330,120083,12.5,22.3,21.6,28.9,75.8,5.7,8.9,4.9,63.7,73.7,72.6,5.3,47,37.5,15.8,65.7,9,33.9,2.5,20.1,80,13,27.4,82.7,10.6,32.6,2.6,11.6,"(32.81369618920, -79.9673818990)"
TX,Edinburg,4822660,77100,36.4,15.6,15.9,26.7,70.3,3.6,7.6,4.9,62,63.8,53.1,4.6,28.6,25.9,14.4,52.6,10.9,35,3,26.9,78.6,12.5,31.2,81.6,12.2,33,2.5,12.8,"(26.31558439740, -98.1637130371)"
OH,Cleveland,3916000,396815,16.5,30,13.8,40.7,81,5.7,11.8,8.4,75.5,69.4,53.6,10.5,26.8,23.1,29.3,51.4,16.2,36.1,4.2,36.2,78.2,16.5,39.2,82.4,17.5,42.5,5.5,31.7,"(41.47653458210, -81.6805494865)"
RI,Pawtucket,4454640,71148,13.1,27,15.6,33.2,77.5,6.4,13,7,81.1,76.4,65.1,8.5,37.1,29.1,20.9,66.4,11.1,34.7,3,31.3,82.6,16.2,30.6,NA,15.5,41.3,3.5,16.7,"(41.87445345170, -71.3743580803)"
CA,Lancaster,640130,156633,15.8,19,17.6,28.2,67.2,4.8,9.4,5.2,65.4,71.4,59.7,6.4,25.9,31.1,16.9,56.3,10.4,32.6,3,22.7,79.1,14.5,29,85.4,13.9,38.8,3.2,15,"(34.69343470170, -118.175306356)"
CA,Irvine,636770,212375,6.6,13.5,16.5,20.4,67.2,4.7,7.3,3.4,65.5,75.6,71,3.3,43.2,36.4,9.5,73.7,6.8,29.7,1.9,13.3,80.7,9,16.4,81.7,7.7,31.5,1.6,6.3,"(33.67801089040, -117.773633283)"
TX,Brownsville,4810768,175023,41.6,21.9,14.2,32,74.1,4.5,8.8,7.1,64.6,64.7,47.2,6.3,21.8,20.2,17.5,46.9,15.9,38.2,4,38.6,75.5,14.3,43.8,81.8,16.5,35,3.7,19.8,"(25.99819778610, -97.4566343763)"
NV,Reno,3260600,225221,16.3,22.6,19.4,27,68.7,5.8,8.9,6,63.4,71.3,63.1,6.3,34.3,26.8,18.3,62.4,9,37.4,2.7,22.1,71.6,14.8,25.7,81.4,13.6,33.5,2.9,17,"(39.55401719980, -119.852733516)"
TN,Memphis,4748000,646889,19.7,28.8,11.9,41.8,79.4,5.2,11.7,6.7,72.3,73.9,62.8,8.9,24.2,31.1,24.7,51.9,14.5,36.7,3.6,31.6,83.1,15.9,40.5,83.9,16.5,41.1,4.6,22.9,"(35.10462950420, -89.9789060850)"
CA,Oceanside,653322,167086,12.4,19.1,20.4,27,69.9,5.9,8.5,5.4,64.9,73.5,68.7,5.4,29.1,32.2,13.9,67.6,9.1,33.4,2.8,19,80.3,12.5,21.7,85.4,11.4,33.4,2.8,10.4,"(33.22474574740, -117.308200285)"
OR,Bend,4105800,76639,8.8,23.9,21,24.5,70.4,6.6,9.7,5.5,60.6,74.1,66.4,5.7,28.6,30.8,15.2,68.4,7.5,33.2,2.6,14.1,74.7,11.9,26,84.9,10.5,29.7,2.6,11.9,"(44.05618271840, -121.308690416)"
TX,League City,4841980,83560,13.6,19.2,20.8,27.8,73.3,5.2,8.2,4,68.2,77.8,64.1,4.2,40.1,30.4,15.3,69.7,8.1,32.3,2.1,20.1,75.6,10.3,31.2,81.3,9.4,34.8,1.9,7.7,"(29.48729958080, -95.1089858945)"
MO,Columbia,2915670,108500,13.5,20.6,20.2,23.4,70.5,4.6,9.8,4.2,67.3,63.4,64.1,5.5,44.1,38.4,18.2,65.7,6.9,30.9,2.1,21.4,78.2,14.2,28.1,80.2,10.6,31.7,2.1,12.9,"(38.94811096510, -92.3260129764)"
SC,Columbia,4516000,129272,17.7,21,19.2,29.4,72.3,4.3,9.4,4.7,64,67.6,67.6,5.8,38.9,32.9,18.3,57.1,10.1,31.1,2.6,25.5,83.6,15.8,31.5,85.4,12.3,37.6,3.1,17.1,"(34.03660695660, -80.9037852694)"
FL,Orlando,1253000,238300,23.7,18.4,19.1,29.3,71.1,4.8,8.2,5.3,71.6,72.7,60.2,6.3,29.3,28.2,17.2,58.8,10.1,33.4,2.8,29.5,80.8,13.4,29.7,84.1,12.8,37.6,3.1,17.7,"(28.48006467710, -81.3452411179)"
FL,Melbourne,1243975,76068,18.7,28.4,16.8,32.9,80,7.9,8.3,8.3,77.4,78.9,61.3,9.1,34,28.5,20,57.7,12.6,39.6,3.4,29.9,76.4,13.5,27.3,78.6,14.9,35.3,4.1,16.8,"(28.11588057820, -80.6508814613)"
FL,Clearwater,1212875,107685,20.1,27,18.2,33.1,78.8,7.8,7.8,8.2,76.6,78.8,64.9,8.5,34.8,34.3,20,59.9,11,36.4,3.3,28.9,77.2,13,28.6,78.4,14,38.2,3.9,16,"(27.98059979190, -82.7544099135)"
AR,Springdale,566080,69797,19.5,22.6,15.8,31.8,73,5.5,9.4,6.6,65.2,66.4,53.1,7.8,32.3,27.7,24.5,50.7,10.3,35.7,2.9,34,72.5,16.2,35.7,NA,15.2,36.7,3.1,23.1,"(36.18699325980, -94.1536274531)"
CA,Manteca,645484,67096,13.6,20.6,19.2,28.4,68.4,5.5,9.3,5.6,62.2,72.4,66.2,6.2,36,31.1,16,63.8,9.6,33.7,2.8,22.9,80.4,13.6,30,84.7,13,35.1,2.8,14.2,"(37.79619251020, -121.231230612)"
ID,Meridian,1652120,75092,14,20.6,19.6,26.6,63,5.8,8.9,4.6,57.9,73.4,63.4,4.7,40.4,34.7,14.4,70.8,7.3,34.5,2.2,17.1,69.9,11.8,25,81.1,9.7,28.1,2.2,12.2,"(43.61851953830, -116.397584870)"
CA,Murrieta,650076,103466,9.8,18.9,20,26.4,67.9,5.6,8.4,4.8,65.7,76,70.5,4.8,34.7,35.6,13.8,69.6,8,31.5,2.4,18.7,80.8,11.3,25.6,84.7,10.5,37.3,2.3,10,"(33.57197433560, -117.190921143)"
TN,Nashville,4752006,601222,15.5,24.8,16.5,32.9,76,5.4,10.4,5.6,68.6,74.6,64.8,7.1,31,35,22,62.2,9.9,35.6,2.7,26.1,80.1,13.8,31.6,84.6,13.1,39.6,3,15.9,"(36.17122299040, -86.7845944773)"
IL,Palatine,1757225,68557,10.3,19.8,24.3,26.3,71.8,6,8.5,4.6,68.3,78.8,64.1,4.8,40.6,32.9,14.3,69.9,7.3,34,2.3,19.1,76.7,10,25.8,85.4,9.6,31.3,2.1,8.5,"(42.11806636950, -88.0429898820)"
TX,College Station,4815976,93857,18.4,10.7,20.5,16.1,59.9,2.8,9.2,2.6,64.1,55.5,66.6,3.5,34.3,34.9,15.5,65.5,4.5,24.2,1.6,18.2,80.7,14.2,24.5,79.8,8,33.4,1.3,9.7,"(30.58676158010, -96.2957958614)"
TX,Richardson,4861796,99223,14.8,20.4,17.6,28.3,75.4,6.1,7.9,5.1,70.7,76.1,66.1,4.5,38.2,34.5,12.9,69.2,8.7,36.3,2.4,20.7,75.4,9.7,26.1,80.2,9.1,30.7,2.3,8.8,"(32.97165823890, -96.7093052991)"
IL,Bloomington,1706613,76610,9.2,23.2,20.9,27.1,73.8,6,9.1,5.1,66.9,74.6,64,5.5,38.1,31.2,16.6,68.2,7.9,32.3,2.4,21.9,76,11.3,32,84.5,10.7,33.4,2.5,12.7,"(40.47567783660, -88.9700813515)"
OH,Akron,3901000,199110,12.3,29.1,15.4,36.5,78.4,6.1,11.1,7.6,74.2,69.6,57.5,9.5,26,26.5,26.2,54.3,12.7,36.4,3.4,32.4,76.3,15.6,35.7,82.9,15.2,42.9,4.2,21.6,"(41.08014449420, -81.5219213688)"
CA,Bellflower,604982,76616,16.8,17.3,16.7,27.1,67.2,4.6,8.6,4.7,65.5,72,60.5,5.2,26.6,32.3,14.4,58.6,10.1,32.6,2.8,22.3,79,13,26.7,84.5,12.6,38.2,2.7,11.7,"(33.88804179230, -118.127100236)"
MI,Sterling Heights,2676460,129699,10,31.5,19.9,32.9,77.1,7.5,10.6,7.1,72,78.8,65,8.4,29.2,31.5,22.3,69.6,10.3,39.2,3,23.4,78.1,13.5,30.9,83,13.9,37.2,3.2,11.8,"(42.58098528300, -83.0303680858)"
OH,Dayton,3921000,141527,13.8,32,14.1,40.8,79.5,5.8,11.6,8,75.4,68.5,55.5,10.6,31,23.7,28,51.3,15.2,38.5,3.8,35.9,81.9,17.1,42.3,82.3,17,44.7,5,28.2,"(39.77976803900, -84.1997930517)"
RI,Providence,4459000,178042,16.3,21,15.6,28.2,73.3,4.6,12.6,5.5,79.4,69,61.6,6.8,34.6,26.9,18.8,63.3,10.3,30.9,2.8,31.6,84.2,16.4,29.6,NA,14.1,41.1,2.9,16.8,"(41.82348053300, -71.4218129335)"
CA,Alameda,600562,73812,7.3,18.7,17.4,25.8,72.6,6.1,8.3,4.6,67.8,80,71.9,4.3,36.9,35.9,11.7,71.8,8.7,31.4,2.4,16.2,79.2,9.7,18.5,81.9,9.3,33.7,2.3,7.5,"(37.76508490310, -122.266489842)"
CA,Orange,653980,136416,12.3,17,18,24.4,68.2,5.3,8.3,4.8,64.8,73.6,67.9,5,40.2,33,13.1,67.1,8.7,32.7,2.5,17.7,79.4,11.3,22.3,83,11.1,32,2.3,10.2,"(33.80464195670, -117.823185500)"
VA,Newport News,5156000,180719,15.3,24,15.6,34,75.8,5.5,9.7,5.5,74.8,75.4,65.7,6.1,36,34.3,19.7,64.5,11.3,33.6,2.8,23.4,81.3,13.2,33.6,85.1,11.7,38.1,3.2,16,"(37.10511413090, -76.5182644502)"
TX,Dallas,4819000,1197816,28.5,20.4,16.9,31.7,72.8,4.8,9.4,5.6,68.8,67,57.5,5.8,30.8,27,18.3,54.6,11.7,36.1,3,29.9,75.8,13.2,35.2,81.2,12.8,34.7,3.3,17,"(32.79398040660, -96.7656929463)"
MA,Boston,2507000,617594,9.8,17.7,22.8,25.1,72.7,4.5,11.4,4.6,74.5,71.3,64.1,5.1,27.2,28,16.4,66.6,8.4,28.7,2.5,19.9,84,13.9,22.9,85.1,10.5,35.5,2.6,16.2,"(42.31557967770, -71.0916505804)"
CT,Waterbury,980000,110366,15.5,26.7,14.4,35.1,73.6,6.3,11.5,6.7,72.2,73.6,66.1,8.6,27.2,26.7,21.4,63.9,12.2,37.2,3.5,30,82.5,15.5,33.8,NA,15.3,40.3,3.9,17.9,"(41.55824432660, -73.0361298320)"
NC,High Point,3731400,104371,19.2,25.3,15.3,35.5,76.3,6,9.2,6.6,73.7,76.4,66.4,7.3,39,35.9,21.8,55.6,11.9,37.3,3.3,25.8,80.6,14.1,36.3,85,13.2,36,3.9,19.4,"(35.98812438030, -79.9932956384)"
NJ,Jersey City,3436000,247597,15.5,17.9,15.4,28.8,73.9,4.3,8.3,4.7,76.4,74.3,52.2,5.3,25.9,23.1,16.9,65.3,9.1,30.6,2.6,32.9,76.7,11.7,27.8,80,11.7,43.6,2.6,13.6,"(40.71881308520, -74.0687740635)"
NC,Cary,3710740,135234,10.7,17.8,17.9,25.2,73.2,5.6,7.4,4.1,73.1,83.4,71.9,4,48,46.1,12.2,75.5,6.9,31.6,2.1,14.4,80.9,9.7,23.4,86.5,7.8,30.1,1.9,8.1,"(35.78149787220, -78.8152191642)"
VA,Norfolk,5157000,242803,15.6,21.2,20.2,30.3,74.3,4.7,9.6,5.1,74.7,71.3,64.9,5.8,33.4,32.6,20,62.3,9.9,30.9,2.6,22.6,83.4,13.1,32.7,84.3,11.4,41.2,3,17.3,"(36.89328630060, -76.2567157761)"
CO,Westminster,883835,106114,11.3,20.7,20.7,22.5,66.9,5.5,8.9,4.2,60.6,74.6,65.2,4.3,37.9,34.9,17.2,68.7,6.1,30.6,2.2,15.4,74.5,10.6,24,83.5,9.7,29.1,2.1,11,"(39.88385114750, -105.062645316)"
CA,San Jose,668000,945942,12,15.2,15,23.2,67.2,4.9,7.8,4.3,63.8,74.8,69,4,34.4,33.3,11.6,68,9,30.6,2.3,21.4,79.3,10.2,20.8,81.3,9.9,32.9,2.1,9.1,"(37.30039631760, -121.847228423)"
WI,Madison,5548000,233209,9.9,17,27.4,21.5,68.9,5.1,8.8,4.2,66.6,69,72,4.2,32.2,34,14.5,72.8,6.3,30.1,2.1,15.6,82,11.7,26.1,85.8,9,29.4,2,9.7,"(43.08098656940, -89.3915106344)"
AR,Fayetteville,523290,73580,10.6,17.4,18.5,24.9,68.8,4.6,9.1,4.6,64.7,64.2,59,5.6,36.4,31.4,20.5,59.5,6.6,29.9,2.1,24.6,75.2,14.8,29.8,NA,10.8,34.2,2.1,15.6,"(36.07121173120, -94.1659600436)"
GA,Warner Robins,1380508,66588,20.1,24.4,14.8,36.2,73.8,5.3,9.5,5.9,75.6,74.5,59.4,7.5,32.9,30.8,22.6,58.6,11.6,34.3,3,31,81,14.4,33.6,83.2,13.6,39.1,3.5,20.8,"(32.59851136090, -83.6530271267)"
NJ,Camden,3410000,77344,28.5,24.7,12.7,37.1,74.6,4,11.1,7.1,76.4,66.1,45.2,8.6,21.1,17.5,26,43.1,15.6,35.6,3.8,46.7,79.6,18.3,42.9,84.2,19,49.8,4.5,28.7,"(39.93619100660, -75.1072961899)"
MA,Somerville,2562535,75754,7.2,16.4,21.5,21.2,70.2,4.5,10.1,3.5,71.3,73.1,70,4,33.4,30.8,14.4,69.9,5.7,27.5,1.9,16.7,83.9,11.9,22.3,84.2,8.4,32.4,1.8,14.5,"(42.39057388580, -71.1017450879)"
CA,Chico,613014,86187,9.8,17.8,19.9,24,64.7,5.3,9.7,4.8,62.6,66.6,70.4,5.6,36.5,29.7,15.6,64.8,7.1,31,2.4,17.8,78.4,13.9,23.7,84.4,11,32.7,2.4,12,"(39.75685036680, -121.815983972)"
TX,McKinney,4845744,131117,15.9,19.2,19.8,25,70.5,5.1,8.4,4.2,68.9,75.6,65.4,4.4,37,35.8,15.2,65.7,7.7,33.7,2.1,21.2,77.3,11,29.4,82.1,9.5,33.5,2,11.3,"(33.19888869520, -96.6677029773)"
MI,Wyoming,2688940,72125,14.1,26.2,22.2,28.4,71.7,5.7,10.7,5.7,70.2,71.3,64.6,7.5,38.8,31,21.9,66.3,8.9,34.6,2.7,23.7,80,14,33.2,84.2,13.5,36,2.8,14.5,"(42.89097456610, -85.7067229249)"
CA,Richmond,660620,103701,15.7,19.6,14.2,30,70.7,5,9.5,5.3,64.9,71.7,66.6,5.5,29.8,29.8,15.5,63.1,11.6,33.9,3,24.3,80,12.9,31.6,83.1,12.8,37.2,3.2,14.6,"(37.94797103650, -122.336803759)"
IN,Hammond,1831000,80830,19.9,26.6,16.3,34.5,76.3,5.5,10.6,7.2,65.1,68,53.1,8.2,28.3,21.9,23,50.8,13.1,39.1,3.3,33.5,73.9,14.7,39.1,81.5,15.8,41.2,3.8,23.2,"(41.61714428280, -87.4909551115)"
LA,Kenner,2239475,66702,17.4,25.4,17.7,36,80.1,5.9,8.6,7,72.4,75,62,7.1,29.9,29.6,19.7,58.2,12.1,39.2,3,27.3,80.8,13.2,33.5,83.2,13.1,38.4,3.4,15.5,"(30.01069372010, -90.2550320135)"
VA,Virginia Beach,5182000,437994,11.9,24.6,20.1,29.5,74.4,5.7,8.5,4.8,73.7,78.8,72.2,5.1,43.9,42.6,17.1,74,8.8,33.8,2.3,20.6,82.2,11.4,27.7,82.6,10.1,37.5,2.3,9.9,"(36.75345933390, -76.0589579522)"
TX,San Antonio,4865000,1327407,28.9,21.2,17.4,29.4,75,4.9,8.4,5.9,68.8,70.9,58.3,5.4,30.8,29.1,15.7,55.3,12.7,37,3.2,30.2,77.9,12.5,37.8,82.4,14.1,35,3,15.2,"(29.47214753330, -98.5246763525)"
AR,Jonesboro,535710,67263,11.9,25.7,14.4,33.9,74.8,6.2,9.4,6.6,69.7,70.2,62.7,7.4,41.7,26.8,21.6,58.1,9.8,36.2,2.8,29.3,75.2,15.4,35.2,NA,13.8,32.4,3.1,18,"(35.82081215380, -90.6794991686)"
FL,Miami Beach,1245025,87779,24.1,16.9,18.3,27,76.5,5.7,6.4,5.8,74.7,77.5,56.6,5.2,27.8,24.3,13.4,66.8,9.8,34.9,3,30.5,83.4,10.4,23.8,83.3,10.9,31.2,2.7,10.8,"(25.81671016140, -80.1341952652)"
IN,Fishers,1823278,76794,6.8,18.6,21.4,24.2,68.7,5,9,3.5,66.2,79.2,70.4,3.7,45.5,36.9,13.6,80.8,6.1,30.2,1.7,14.7,77.3,9.4,25.8,84,7.4,31.3,1.5,6.8,"(39.95876352630, -85.9693107020)"
NH,Manchester,3345140,109565,13.2,25.8,17.9,28.5,73.7,6.3,10.9,5.8,71.5,75,67.6,7.1,37.4,32.5,20.8,64,9,34.6,2.6,24.6,79.2,13.4,29.5,NA,12.8,36,2.8,18.7,"(42.98445417130, -71.4445313287)"
NJ,Paterson,3457000,146199,28,22.9,13.7,35.8,73.5,4.3,9.9,6.6,76.1,70,44.3,7.7,22.7,19.2,22.4,52,13.6,35.9,3.6,43.3,77.8,15.7,39.1,83,16.9,43.5,3.9,23.6,"(40.91468749770, -74.1624181271)"
MI,Rochester Hills,2669035,70995,6.8,26.3,19.6,29.2,75.4,7.5,9,5.5,71.6,82.3,71.3,5.5,38.2,32.8,14.6,81.4,7.8,38.4,2.4,17.3,78.2,10,22.5,86,10,31.8,2.3,6.9,"(42.66452567680, -83.1563037157)"
NC,Winston-Salem,3775000,229617,19.7,23.1,15.2,35.3,76.9,6,9.2,6.5,74,76,66,7,37.7,35.2,20.1,58.1,11.8,35.4,3.2,26.1,82.1,14.1,36.7,87.6,12.9,35.9,3.9,18.6,"(36.10294530390, -80.2609889241)"
CA,El Cajon,621712,99478,14,20.8,19.7,28.4,68.8,5.7,9.6,6,63.6,70.4,64.9,7.1,26.8,29.3,18.2,60.6,10,34.4,3.1,22.4,79.7,15.3,24.5,85.1,13.9,35.3,3.4,14.7,"(32.80165819210, -116.960483614)"
FL,Palm Coast,1254200,75180,18.4,28.8,15.1,37.4,81.4,8.7,7.9,8.7,80.1,81.3,67.7,8.7,35.7,31.2,18.8,65.2,13,40.9,3.5,30,79,12.2,27.8,78.7,14.3,34.5,4.2,15.8,"(29.54055909760, -81.2508206143)"
LA,Shreveport,2270000,199311,17.2,28.3,14.8,42.8,81.7,6.1,9.9,7.7,75.6,73.1,58.8,8.2,27.2,28.5,23.2,49.6,14.1,39.1,3.6,31.4,81.9,14.2,42.6,86,14.7,38.1,4.6,21.8,"(32.46716188640, -93.7962236108)"
VT,Burlington,5010675,42417,8.6,17.6,21.8,18.8,67.5,4.6,10.9,4,62.2,63,68.8,4.7,39,31.5,15.4,70.5,5.5,26,2.1,15.9,78.2,13.8,21.9,NA,9.6,28.6,2,13.3,"(44.48762456940, -73.2314828365)"
FL,Tallahassee,1270600,181376,20,15.9,19.9,23.3,68.1,4.3,8.5,4,75.1,65.8,72.2,5.6,37.2,41.2,16.3,63.3,7.4,27.5,2.3,24.9,84.7,14.8,28.4,84.3,10.6,34,2.4,12.8,"(30.45489512110, -84.2526459938)"
WA,Spokane,5367000,208916,10.6,24.4,17.7,29.3,70.5,6.7,11,6.4,62.5,69.8,65.1,7.6,36.4,33.6,19.4,60.9,9.6,37.1,3,19.9,79.7,13.9,30.6,NA,13.5,32.4,3.3,17.5,"(47.67362432590, -117.415973291)"
MT,Missoula,3050200,66788,11.4,21.1,24.4,20.9,71.2,5.6,9.3,4.8,59.5,64.5,60.5,5.4,41.8,32.4,18.5,63.6,6.4,30,2.3,16.8,76,11.8,24.5,82,10.4,28.1,2.4,12.3,"(46.86944024550, -114.009863843)"
CA,Burbank,608954,103340,9.5,18.6,18.4,25.4,69.2,6,8.1,4.8,66.6,79.2,67.7,5,32.2,37.4,12.3,69.1,8.3,32.1,2.5,16.6,79.3,11.1,22.5,85.6,10.7,34.1,2.5,8.5,"(34.18797996050, -118.323429032)"
OH,Cincinnati,3915000,296943,12.2,26.4,16.9,34.1,78.7,5.5,10.9,6.4,75.2,70.2,60.6,7.9,31,27,22.7,58.5,12.8,35.4,3.2,29.5,80.3,15,36.3,86,13.7,42.6,3.9,20.6,"(39.14117471240, -84.5060004524)"
CA,Fresno,627000,494665,18.7,19.6,15.1,28.9,68.5,4.9,9.8,5.8,61.2,66.9,59.3,6.6,31.9,27.5,17.1,55.4,11.5,34.1,3.3,26.2,78.6,14.6,33.7,79.7,14.3,36.5,3.3,17.9,"(36.78267867110, -119.794126569)"
TX,Houston,4835000,2099451,28.5,19.1,16.2,30.4,73.2,4.8,8.8,5.6,67.7,68.2,57.2,5.6,28.2,29.1,16.5,54.2,12.1,36.9,3,29.5,77.2,13,32.6,81.7,12.9,35.8,3.1,17.8,"(29.78066913960, -95.3860033966)"
CA,Hesperia,633434,90173,17.5,21.3,17.2,30.5,67.9,5.1,10.2,6.3,63.5,71,58.5,7.3,25.5,26.4,18.5,54.4,11.3,36.2,3.3,25.5,80.7,15.4,29.9,82.9,15.3,39.3,3.4,19.5,"(34.39734767730, -117.314392219)"
WY,Cheyenne,5613900,59466,15,25.9,16.4,29.9,74,6.5,8.6,5.8,64.2,73.8,61,6.2,35.2,30.3,19.7,69.2,8.7,35.3,2.6,23.7,72.9,11.7,29.2,79.5,11.4,33.1,2.7,13.7,"(41.14608042650, -104.789064332)"
CA,Santa Ana,669000,324528,25.8,15.5,15.7,25,63.4,3.7,8.9,5,60.7,62.9,55.5,5.4,30.1,25,16.4,50.3,11.3,33.7,3,27.3,78.1,14.5,27.6,81.5,14.9,35.8,2.6,16.2,"(33.73669484190, -117.881890237)"
NY,Rochester,3663000,210565,15.4,25.6,16.7,31.4,73.6,5.2,12.6,6.2,68.7,70.5,59.9,8.1,32.6,29.6,24.2,57.2,12,32.4,3.3,31.8,81.8,16.4,38.9,81.4,15.5,39.7,4,22.9,"(43.16798029180, -77.6162348882)"
VA,Hampton,5135000,137436,14.6,26.5,16.7,37.6,79,5.8,9.8,6,78.2,77.2,67.8,6.5,34.3,32.7,19.4,66.3,12.2,34.6,3,24.4,83.7,12.9,35.3,85.6,12.3,43,3.6,17.1,"(37.05330090250, -76.3665945624)"
CA,San Leandro,668084,84950,11.7,19.9,16.1,28.4,73.1,5.8,8.7,5.4,67.5,76.2,67.1,5.1,32.7,31.8,14,64.1,10.6,32.8,2.8,21.1,78.1,11,21.2,80.3,11.3,36.2,2.8,11.3,"(37.70742992620, -122.159061655)"
WI,Appleton,5502375,72623,10.2,22.4,24,27,73.4,6.3,8.9,5.7,69.5,75.2,68.3,5.6,35.1,29.6,17.9,74.1,8.3,33.5,2.5,19.1,78.1,11.9,30.2,83.8,10.9,29.8,2.6,12.8,"(44.27769874570, -88.3897664444)"
KS,Olathe,2052575,125872,12.4,19.5,19.9,24.6,72.2,5.2,8.7,4.1,69.3,75.9,69.1,4.3,38.4,33.1,15.6,74,6.8,34.9,2,16.9,80.1,9.7,26.2,86.2,8,27.6,2,10.3,"(38.88469302100, -94.8192070197)"
NJ,Passaic,3456550,69781,32,20.8,14.4,31.9,70.4,4,9.2,6.4,73.1,66.6,42.2,7.3,23.7,19.4,21.7,50.9,12.4,35.5,3.5,43.6,76.4,15.8,36.8,82,16.7,41.6,3.4,22.7,"(40.85745811090, -74.1281123174)"
GA,Atlanta,1304000,420003,17.7,18.8,16.3,33.4,74.2,4.8,9,5,74.8,74.8,62.6,5.7,29.1,31.3,17.1,62.1,10.9,31.3,2.9,25.8,83.8,12.2,27.9,84.9,11.1,38.4,3.5,19.3,"(33.76265246830, -84.4231419055)"
CA,Redlands,659962,68747,10.5,20,18,28.3,70.2,6.1,9.1,5.3,66.6,77.3,67.8,5.3,32.7,33.2,12.9,67.9,9,34.5,2.7,18.2,82.2,11.7,23.8,83.7,11.1,35.4,2.6,10.4,"(34.05113153170, -117.170935294)"
CA,Citrus Heights,613588,83301,9.9,22,19.6,30.5,68.8,6.6,10.1,6,64.4,73.5,72.5,6.7,32.5,28.4,16.4,65.9,9,33.1,2.9,19.8,78.7,13.2,27.9,82.6,12.7,35.3,3,11.8,"(38.69477883420, -121.287991502)"
FL,Cape Coral,1210275,154305,19.7,26.6,18.3,31.4,78.8,7.4,7.6,7.4,75.8,79.6,65.4,8,36.1,34,17.1,63.3,10.9,36.1,3.1,27.5,78.9,12.3,27.8,82,13.6,33.3,3.4,13,"(26.64485449930, -81.9931108298)"
CA,Santa Maria,669196,99553,25,18.1,16.8,27.9,65.1,4.7,9.5,5.9,60.7,64,58.4,6.4,26.8,25.8,17,53.4,11.1,34.5,3.2,28.1,75.5,15.1,29.2,81.7,15.3,31.6,3.2,18.9,"(34.93337357570, -120.443326954)"
TX,Pasadena,4856000,149043,32.8,19.6,16.9,28.5,71.5,5,8.6,6,65.1,66.7,55,6.2,28.3,29,17.3,52.8,11.5,38.5,3,31.4,74.5,13.9,32.3,80.5,14,34.5,2.9,18.6,"(29.65895114880, -95.1509173148)"
VA,Portsmouth,5164000,95535,15.9,27.5,14.7,38.1,79,6.1,10.2,6.5,77.5,77.1,68.3,7.2,36.9,33.7,22.3,60.5,12.8,35.7,3.2,28,83.7,13.5,36.6,86.3,13.3,44.8,4,19,"(36.84514502280, -76.3552763467)"
CA,Apple Valley,602364,69135,12.9,24.9,16.2,34.2,73.1,6.8,10.1,7.3,67.4,76.7,64.2,7.8,29,30.3,16.8,60.1,11.9,38.5,3.5,23.2,80.9,14,28.1,83,14.7,37.7,3.8,15.7,"(34.53159849480, -117.211012664)"
CA,Carson,611530,91714,13.9,18.3,14.6,30.4,73,5.1,8.1,5,69.6,76.9,64.1,4.7,26,34.1,11.9,62.7,11.8,34.3,2.9,21.3,79.4,10.9,24.1,82.8,11.3,38.4,2.8,9.5,"(33.83740830010, -118.255936422)"
MO,Kansas City,2938000,459787,16.4,25.3,18.5,33.4,76.9,5.7,10.3,6,71.1,72.4,64.3,7.3,34.8,34.3,22.3,59.2,11.4,37.6,2.9,24.9,79.2,14,33,81.7,13.8,38.4,3.5,18.1,"(39.12394139710, -94.5541236795)"
NC,Gastonia,3725580,71741,19.5,27.5,13.8,37.6,78.6,6.6,9.4,7.6,73.8,77.4,63.1,8.2,34.4,32.3,21.5,55.5,12.6,38.4,3.4,27.7,79,14.4,33.8,85.3,15,37.3,4.2,20.6,"(35.24729844310, -81.1836588468)"
NE,Lincoln,3128000,258379,13.2,19.3,24.3,23.9,74.5,5.7,8.3,4.7,63.1,68.5,65.7,4.8,45.4,37.5,17.2,70.2,7.2,33.3,2.4,19.9,75.7,10.7,28.7,83,8.7,28,2.4,10.4,"(40.80961956950, -96.6806742049)"
MN,Minneapolis,2743000,382578,10.5,16,23.9,22.7,70.6,4.6,8.5,4,66.5,68.3,67.1,3.9,36.5,36.6,17.3,68.8,6.7,28.7,2.3,17.6,81.7,10.9,25.3,84,8.8,30.4,2.4,11.5,"(44.96354079670, -93.2678345304)"
AR,Fort Smith,524550,86209,15.8,28.9,13.7,37.9,77.2,6.5,10.2,8.1,70.5,70.4,59.8,9.2,27.4,26.8,25.4,54.7,12.7,39.8,3.4,35.1,76.7,16.9,35,NA,17.4,35.1,4,23.5,"(35.34916926360, -94.3696317306)"
CO,Arvada,803455,106433,9.6,25,20,25,71,7.1,9,5.3,63.5,77.9,66,5,35.5,39.5,16.1,70.5,6.7,33.1,2.5,14.1,76.1,10.3,23.7,82.7,10.4,26.8,2.5,8.8,"(39.83082632930, -105.146327974)"
IL,Decatur,1718823,76122,12.7,30.6,17,37,78.8,7.3,10.6,8,70.6,74.2,58.9,8.7,32,27.5,21.8,56.8,12.3,39,3.6,30.4,74.3,13.8,37.3,82.7,15.4,34.3,4.3,18.7,"(39.85558226450, -88.9336983421)"
NJ,Elizabeth,3421000,124969,26.1,20.8,14.3,32.2,72.6,4.6,8.9,6.2,75.3,70.3,50.4,7,27.4,21.8,20.3,55.6,12,34.5,3.2,40.3,76.5,14.6,34.5,82.7,15.8,44,3.2,19.5,"(40.66644477290, -74.1938679138)"
CA,Vacaville,681554,92428,10.3,19,20.1,27.4,68.6,5.7,9.2,5.2,63.3,75.3,70.8,5.5,35.9,36.7,15.5,70,9,32.3,2.5,19.3,79.3,12,25.3,83.9,11.2,36.2,2.6,10.8,"(38.35972350630, -121.969030460)"
CA,Costa Mesa,616532,109960,12.5,16.1,19,23,65.6,5,8.5,4.5,63.3,72.1,67.5,4.9,40.6,33,13.8,66.2,8,31.1,2.4,17.4,79.6,11.8,22.9,83.8,11.1,32.2,2.2,10.6,"(33.66676513530, -117.913504750)"
KS,Lawrence,2038900,87643,13.7,15.9,20.7,20.4,68.1,4.3,9.5,3.8,61.7,62.2,64.9,4.4,33.4,36.6,16.6,67.2,5.9,28.4,2,17.8,80.3,12.1,26,81.6,8.7,29.2,1.9,10.5,"(38.95993029240, -95.2628259088)"
CA,Fairfield,623182,105321,12.3,18.7,17.6,28,69.5,5.3,9.4,5.1,63.9,73.1,68.5,5.6,34.1,34.1,15.3,66.2,10,32.5,2.7,22,79.3,12.5,25.3,82.7,11.8,37.6,2.8,12.9,"(38.25584463430, -122.039303253)"
UT,Sandy,4967440,87461,9.8,20,16,23.4,69.3,5.9,8.7,4.1,63.6,72.6,72.4,3.9,36.7,36,9.7,76.6,6.9,33.3,2.2,13.8,78.6,10.7,24.2,79.7,9.1,29.1,2.1,8.4,"(40.57022544230, -111.852431062)"
CA,San Francisco,667000,805235,8.8,16,21.6,25,69.6,5.2,7.8,4.5,64.5,75.6,66.1,4,32.7,29.7,11.7,69.7,8.5,32.1,2.4,17.8,79.8,9.9,17.1,82.4,8.9,30.4,2.2,9,"(37.75591366110, -122.440987876)"
FL,West Palm Beach,1276600,99919,23.7,24.3,17,31.9,78,6.7,8,7.1,78.2,77,63,7.4,31.9,31.5,17.1,65.4,12.3,37.7,3.3,31.4,81,12.9,26.6,84.8,14.1,40.6,3.8,12.9,"(26.74787146550, -80.1337397544)"
ID,Boise City,1608830,205671,14.5,21.6,18.4,27.8,64.8,6,9.1,5.1,58.4,71.6,62,5,39.6,33.3,14.1,69,8,36,2.4,17.9,70.5,12.1,24.8,80.4,10.2,27.8,2.5,13,"(43.59843438970, -116.230885189)"
CA,Westminster,684550,89701,13.7,19.1,12.4,29.6,73.6,5.3,7.9,6.1,66.5,73.1,60.7,5.7,34.1,29.1,14.3,58.4,12.7,38,3,24.4,76.6,11.5,19.6,75.9,12.8,35.9,3,13.2,"(33.75215237690, -117.993760054)"
OR,Beaverton,4105350,89803,10.8,21.2,19,24.5,69.5,5.8,9.6,4.7,62.3,72.1,66.1,4.9,33.5,31.2,14.7,68.8,7.3,33.5,2.4,14.7,75.9,11.7,28.5,82,10.1,31.3,2.4,11.6,"(45.47957656740, -122.814973469)"
CA,Downey,619766,111772,17.5,16.6,17.6,25.4,67,4.8,7.9,4.7,65,73.6,62.3,4.6,27.7,33.1,12.1,62.3,9.6,32.2,2.7,21,79.2,11.7,25.5,85.6,11.8,35.6,2.4,10.2,"(33.93786725600, -118.131150116)"
MS,Jackson,2836000,173514,21.9,27.7,11.5,43.9,79.2,5.1,10.1,6.6,79.1,71.3,57.3,7.2,30.8,24.5,21.8,52.4,14.5,34.7,3.6,32.5,79.1,15.1,43.6,88.1,14.6,40.5,4.8,25.2,"(32.31627222000, -90.2124528561)"
ID,Nampa,1656260,81557,23,22.2,15.2,28.6,63.7,5.8,10,6.2,56.5,63.9,51.3,6.5,34.4,23.8,19.1,58.1,9.4,37.3,3,25.3,67.4,14.3,33.6,77.2,13.1,32.9,3.3,19.1,"(43.58293156810, -116.564145085)"
CA,Oxnard,654652,197899,22.3,16.9,17,26.5,66.6,4.3,8.8,5.1,60.9,67.2,62.3,5.3,27.7,28,15.2,56.3,10.8,32.7,2.9,26.9,79.2,13.7,28.3,84.1,13.4,37,2.7,14.7,"(34.19592377310, -119.181876570)"
CA,Pasadena,656000,137122,11.2,17.6,17.1,26,69.9,5.6,7.9,4.6,67.2,78,67.7,4.5,31.3,36.7,11,67.7,8.9,31.7,2.6,17.2,80.7,10.5,22.9,86.2,10.3,34.5,2.5,8.1,"(34.15976348060, -118.138921644)"
CA,Mission Viejo,648256,93305,6.8,19.3,18,26.2,72.1,6.9,8,5.1,68.5,81.6,73.5,4.8,45,37.4,10.6,76.1,8.2,34.1,2.4,13.9,80.2,9.4,20.3,84.3,9.8,29.6,2.3,6.8,"(33.60959768910, -117.655029608)"
CA,Indio,636448,76036,21,21.2,16.9,30.2,68.9,5.5,8.7,6.4,64.3,69.9,66.2,6.2,30.7,30.7,15.5,57.2,11.4,35.6,3.3,27.1,80.4,13.3,31,84.7,14.4,38.3,3.2,14.5,"(33.72980678370, -116.237258141)"
IN,Bloomington,1805860,80405,12.5,15.6,20,19.6,63.2,3.7,10.9,3.8,59.7,53.8,61.9,5.2,33.6,28.5,19.3,57.8,5.8,29.3,2,22.9,74.6,15.5,25.8,77.5,9.6,33,1.9,14.2,"(39.16374582210, -86.5257124351)"
OH,Youngstown,3988000,66982,16.8,34.2,12.5,43.3,81.5,6.6,11.3,9.9,77.6,70.3,51.8,11.6,23.9,21.8,29.5,49.2,18,39.6,4.5,42,81.6,16.8,41,84.1,18.9,45,6,29,"(41.09932866070, -80.6463187081)"
NC,Fayetteville,3722920,200564,17.8,23.5,15.6,34.6,74.4,5.1,9.2,5.5,77,74.2,66.9,6.1,37.2,33.5,18.9,63.7,11,32.7,2.8,23.2,80.7,14,34.2,87.5,11.7,38.3,3.2,17.3,"(35.08513095270, -78.9791676456)"
NC,Durham,3719000,228330,18.1,18.8,15.8,29.7,72.8,4.8,8.8,4.8,73.5,74.6,67.6,5.3,35.4,35.1,16.8,59.5,9.4,30.3,2.6,22.2,82.1,12.7,30.7,84.5,10.8,34.4,2.9,16.2,"(35.98091474020, -78.9059161097)"
OH,Columbus,3918000,787033,11.1,22.2,19,29.7,74.5,5.1,10.1,5.3,72.3,70.5,62.1,6.8,30.5,34.1,22.7,63.8,9.6,31.6,2.6,25.8,80.7,14.6,32,86.7,12,39.1,3,18,"(39.98595004840, -82.9851738516)"
CT,New Britain,950370,73206,14.9,24.4,16.5,31.5,72.2,5.6,11.3,6.4,73.1,72.2,63.6,7.1,31.3,28.5,19.3,67.4,11.1,36.1,3.1,30.7,82.6,14.4,30.4,NA,13.9,36.8,3.3,16.6,"(41.67592265400, -72.7861630705)"
TX,Mission,4848768,77058,36.8,19.3,14.6,30.8,75.1,4.9,7.8,6.4,64.4,68.4,55.5,5.6,31.2,28.1,14.3,53.6,12.4,38.5,3.5,28.4,77.3,12.3,31.2,81.3,13.4,32.5,3.2,14.3,"(26.20334064640, -98.3227705130)"
CA,Ontario,653896,163924,20.1,16.8,18,26.9,64,4,9.4,4.7,62.4,69,58.4,5.3,24.9,26.7,15.6,56.3,10.1,33.2,2.8,24.3,81.6,13.9,28.5,83.1,13.2,39.1,2.5,16.2,"(34.03926494640, -117.606427103)"
